,Target lang,Transfer lang,Accuracy,Rank,Accuracy level,Word overlap,Transfer lang dataset size,Target lang dataset size,Transfer over target size ratio,Transfer lang TTR,Target lang TTR,Transfer target TTR distance,GENETIC,SYNTACTIC,FEATURAL,PHONOLOGICAL,INVENTORY,GEOGRAPHICAL,Unnamed: 18,GEOGRAPHIC
0,ces,rus,69.43,5,25,0.161485819,55398,12203,4.539703351634844,0.123916395,0.209224843,0.1662484407397117,0.5804,0.4595,0.423,0.2189,0.0099,0.1923,0.19,0.1549
1,ces,nor,56.03,16,14,0.172351737,34170,12203,2.8001311152995165,0.106159434,0.209224843,0.2426606523494027,0.8831,0.5301,0.5811,0.0673,0.7041,0.0585,0.3246,0.0483
2,ces,spa,58.19,10,20,0.224964372,31546,12203,2.5851020240924365,0.0791871859999999,0.209224843,0.3862884921900736,0.9248,0.4953,0.5196,0.4714,0.4991,0.0821,0.2415,0.0675
3,ces,kor,18.38,29,1,0.117808139,30426,12203,2.4933213144308777,0.294432976,0.209224843,0.1658576844364672,1.0,0.6739,0.6698,0.2189,0.4993,0.4141,0.4388,0.3125
4,ces,est,52.31,21,9,0.163621065,23460,12203,1.922478079160862,0.221928097,0.209224843,0.0036864085306283,0.9744,0.4126,0.4884,0.3146,0.3215,0.0591,0.42,0.0506
5,ces,pol,65.61,7,23,0.175644586,22646,12203,1.8557731705318363,0.223329008,0.209224843,0.0045443132295088,0.4788,0.4156,0.4894,0.0776,0.0067,0.0165,0.3728,0.0137
6,ces,nld,57.25,12,18,0.147181136,19452,12203,1.5940342538719987,0.133302703,0.209224843,0.1316771386159033,0.9131,0.4809,0.5305,0.0213,0.4987,0.0373,0.3958,0.0308
7,ces,por,58.1,11,19,0.21305272,19763,12203,1.6195197902155207,0.095460698,0.209224843,0.2956543771754236,0.9214,0.4536,0.4428,0.0007,0.0178,0.0859,0.1826,0.0706
8,ces,lat,41.35,24,6,0.014406825,17140,12203,1.4045726460706385,0.158874645,0.209224843,0.0579129735198895,0.8831,0.4689,0.4349,0.1104,0.0066,0.0454,0.3782,0.0375
9,ces,fra,56.98,14,16,0.176247708,16032,12203,1.3137753011554536,0.118520741,0.209224843,0.1879435192476242,0.9248,0.5748,0.5982,0.8407,0.6071,0.0489,0.2384,0.0403
10,ces,deu,57.21,13,17,0.157244512,14613,12203,1.1974924198967467,0.187631727,0.209224843,0.0106513372142903,0.8934,0.5084,0.5558,0.8081,0.6073,0.0117,0.11,0.0097
11,ces,hin,28.54,28,2,0.0298447929999999,14963,12203,1.2261738916659837,0.060393443,0.209224843,0.5060141165439032,0.9014,0.4667,0.5233,0.8098,0.4994,0.2958,0.0281,0.232
12,ces,cat,56.48,15,15,0.1973277819999999,14832,12203,1.2154388265180691,0.074013319,0.209224843,0.4176388723005271,0.9176,0.4574,0.473,0.0379,0.4986,0.0632,0.1947,0.0521
13,ces,ita,60.22,9,21,0.1923082539999999,13685,12203,1.1214455461771695,0.102554534,0.209224843,0.2599325126929821,0.9131,0.4911,0.479,0.0017,0.0184,0.0391,0.1823,0.0322
14,ces,eng,53.43,20,10,0.153168577,14545,12203,1.191920019667295,0.0961556319999999,0.209224843,0.292053370079109,0.9131,0.549,0.5935,0.2189,0.7522,0.0583,0.1249,0.0481
15,ces,fin,49.26,22,8,0.125395799,13581,12203,1.1129230517085962,0.302519355,0.209224843,0.1988317309982627,1.0,0.3942,0.4524,0.2189,0.499,0.0882,0.4378,0.0724
16,ces,bul,66.39,6,24,0.0897727109999999,10022,12203,0.8212734573465541,0.201446082,0.209224843,0.0013822746867964,0.6667,0.4106,0.4469,0.1554,0.0045,0.0523,0.082,0.0432
17,ces,slv,72.28,2,28,0.1624780519999999,9290,12203,0.7612882078177498,0.237767323,0.209224843,0.0186104515024004,0.631,0.3048,0.3427,0.0061,0.4992,0.0201,0.1261,0.0167
18,ces,slk,72.54,1,29,0.156466291,9543,12203,0.7820208145537982,0.261917468,0.209224843,0.0634268535464013,0.2677,0.4066,0.4495,0.2338,0.2088,0.0153,0.1781,0.0126
19,ces,ron,61.38,8,22,0.162040302,8795,12203,0.7207244120298287,0.167303215,0.209224843,0.0401466931333328,0.9078,0.5253,0.5447,0.1167,0.4991,0.0389,0.1218,0.0321
20,ces,hrv,70.88,3,27,0.171198996,7832,12203,0.6418093911333279,0.216688845,0.209224843,0.0012726734758101,0.6936,0.4908,0.5231,0.2058,0.0221,0.0267,0.3543,0.0221
21,ces,ara,37.25,25,5,0.062301493,6984,12203,0.5723182823895764,0.1033986809999999,0.209224843,0.2558347830441369,1.0,0.6512,0.6337,0.4055,0.2895,1.0,0.1229,0.1391
22,ces,lav,53.61,19,11,0.073274415,6475,12203,0.5306072277308859,0.268650981,0.209224843,0.0806730567633648,0.6875,0.3536,0.3832,0.2189,0.3214,0.0491,0.4674,0.0407
23,ces,heb,36.05,26,4,0.080059534,5725,12203,0.4691469310825207,0.117344567,0.209224843,0.1928493062689516,1.0,0.4783,0.5824,0.7932,0.4991,0.1331,0.1267,0.1085
24,ces,ukr,69.55,4,26,0.062262582,5090,12203,0.4171105465869049,0.31926283,0.209224843,0.276604201523175,0.631,0.3888,0.3639,0.0901,0.0133,0.0351,0.1171,0.029
25,ces,ind,44.24,23,7,0.0854535819999999,5036,12203,0.4126854052282225,0.197096308,0.209224843,0.003360393920574,1.0,0.5544,0.6221,0.5941,0.4993,0.5476,0.4141,0.391
26,ces,dan,55.36,17,13,0.067155649,4947,12203,0.4053921166926165,0.203165045,0.209224843,0.0008388605939638,0.8934,0.5339,0.5291,0.2431,0.3798,0.0339,0.1557,0.028
27,ces,swe,53.67,18,12,0.045628098,4807,12203,0.3939195279849217,0.193727962,0.209224843,0.0054860794770604,0.8934,0.5542,0.5902,0.0629,0.6068,0.0556,0.1949,0.0459
28,ces,zho,35.64,27,3,0.06283652,4497,12203,0.3685159387035975,0.178585916,0.209224843,0.0214447309807362,1.0,0.5823,0.6673,0.8396,0.4994,1.0,0.4057,0.2837
29,rus,ces,69.33,2,28,0.19612372,114304,6491,17.609613310737945,0.091965586,0.247722217,0.3953330959721628,0.5804,0.4595,0.423,0.2189,0.0099,0.1923,0.19,0.1549
30,rus,nor,52.52,18,12,0.179768003,34170,6491,5.264211985826529,0.106159434,0.247722217,0.3265639704074319,0.8564,0.4793,0.5453,0.2863,0.704,0.1847,0.2209,0.149
31,rus,spa,55.98,12,18,0.197905036,31546,6491,4.859959944538592,0.0791871859999999,0.247722217,0.462860856161397,0.9078,0.4163,0.4644,0.6082,0.4991,0.2742,0.3906,0.2163
32,rus,kor,18.65,29,1,0.143962703,30426,6491,4.687413341549839,0.294432976,0.247722217,0.0355552660058804,1.0,0.6144,0.6388,0.0,0.4994,0.2272,0.4218,0.1814
33,rus,est,53.59,16,14,0.184992628,23460,6491,3.614235094746572,0.221928097,0.247722217,0.0108420527442406,0.9791,0.4507,0.4976,0.4383,0.3213,0.1505,0.2941,0.1182
34,rus,pol,61.85,7,23,0.133385608,22646,6491,3.4888306886458174,0.223329008,0.247722217,0.0096963427221557,0.5319,0.4518,0.4586,0.2966,0.0072,0.1763,0.2372,0.1425
35,rus,nld,56.05,11,19,0.18130215,19452,6491,2.996764751193961,0.133302703,0.247722217,0.2133390129055107,0.8934,0.4839,0.5218,0.2402,0.4984,0.2171,0.248,0.1739
36,rus,por,54.02,15,15,0.1954844919999999,19763,6491,3.044677245416731,0.095460698,0.247722217,0.3777899495139006,0.9037,0.5191,0.5067,0.2196,0.01,0.2778,0.0148,0.219
37,rus,lat,39.6,25,5,6.82e-05,17140,6491,2.640579263595748,0.158874645,0.247722217,0.1286356104657033,0.8564,0.4241,0.4246,0.1085,0.0054,0.2255,0.3676,0.1802
38,rus,fra,55.53,13,17,0.167511868,16032,6491,2.4698813742104453,0.118520741,0.247722217,0.272022629233042,0.9078,0.5353,0.6066,0.8305,0.607,0.2382,0.3879,0.1897
39,rus,deu,56.17,10,20,0.1887939039999999,14613,6491,2.2512709906023725,0.187631727,0.247722217,0.0588412072587547,0.8691,0.4226,0.4989,0.7957,0.6073,0.2039,0.2839,0.1639
40,rus,hin,28.19,28,2,0.051001884,14963,6491,2.305191804036358,0.060393443,0.247722217,0.5718459708485517,0.879,0.4354,0.4959,0.7976,0.4994,0.1618,0.1959,0.1311
41,rus,cat,53.02,17,13,0.18093566,14832,6491,2.285010013865352,0.074013319,0.247722217,0.4917158574026696,0.8989,0.5294,0.5371,0.181,0.4983,0.2546,0.0371,0.202
42,rus,ita,56.68,9,21,0.183390296,13685,6491,2.1083038052688337,0.102554534,0.247722217,0.3434076567769989,0.8934,0.5195,0.4916,0.2172,0.0113,0.221,0.3351,0.1768
43,rus,eng,51.88,20,10,0.161187771,14545,6491,2.240794946849484,0.0961556319999999,0.247722217,0.3743492908681768,0.8934,0.4965,0.555,0.0,0.752,0.2316,0.2983,0.1849
44,rus,fin,48.6,22,8,0.15967067,13581,6491,2.0922816207055925,0.302519355,0.247722217,0.0489311965980708,1.0,0.3634,0.4237,0.0,0.499,0.1415,0.315,0.1151
45,rus,bul,61.89,6,24,0.294326211,10022,6491,1.5439839778154367,0.201446082,0.247722217,0.0348966905674341,0.5804,0.381,0.4268,0.3744,0.0101,0.1796,0.1181,0.145
46,rus,slv,63.98,4,26,0.130658235,9290,6491,1.43121244800493,0.237767323,0.247722217,0.0016148915565436,0.5319,0.4352,0.4706,0.225,0.4992,0.2038,0.2972,0.1637
47,rus,slk,62.46,5,25,0.096139914,9543,6491,1.4701894931443538,0.261917468,0.247722217,0.0032836452821139,0.5319,0.4111,0.4523,0.4134,0.2093,0.1843,0.3265,0.1487
48,rus,ron,59.13,8,22,0.1591592869999999,8795,6491,1.354953011862579,0.167303215,0.247722217,0.1053870971591901,0.8869,0.4832,0.5117,0.3356,0.4991,0.1729,0.2941,0.1398
49,rus,hrv,65.32,3,27,0.156491575,7832,6491,1.2065937451856417,0.216688845,0.247722217,0.0156937965623282,0.6162,0.5019,0.5344,0.4247,0.0317,0.2005,0.2248,0.1612
50,rus,ara,36.46,26,4,0.101398631,6984,6491,1.0759513172084425,0.1033986809999999,0.247722217,0.3394254522639913,1.0,0.6325,0.6349,0.4887,0.2899,1.0,0.2949,0.1491
51,rus,lav,54.69,14,16,0.1168509059999999,6475,6491,0.997535048528732,0.268650981,0.247722217,0.0071376828233272,0.6082,0.4895,0.4885,0.0,0.3213,0.1495,0.3535,0.1216
52,rus,heb,39.76,24,6,0.137630083,5725,6491,0.8819904483130488,0.117344567,0.247722217,0.2769978393220895,1.0,0.4202,0.5608,0.7798,0.4991,0.195,0.1034,0.1569
53,rus,ukr,69.6,1,29,0.1851375189999999,5090,6491,0.7841626867971037,0.31926283,0.247722217,0.0834017950517722,0.2952,0.3665,0.3744,0.309,0.0051,0.1673,0.0882,0.1354
54,rus,ind,48.09,23,7,0.123422172,5036,6491,0.7758434755815745,0.197096308,0.247722217,0.0417653141205777,1.0,0.5484,0.6043,0.813,0.4993,0.3823,0.2817,0.2915
55,rus,dan,52.3,19,11,0.098603073,4947,6491,0.7621321830226467,0.203165045,0.247722217,0.032352311941798,0.8691,0.5295,0.54,0.3105,0.3794,0.1969,0.3214,0.1584
56,rus,swe,51.71,21,9,0.06427226,4807,6491,0.7405638576490525,0.193727962,0.247722217,0.0475078296271544,0.8691,0.551,0.5956,0.2818,0.6067,0.1651,0.0206,0.1338
57,rus,zho,34.69,27,3,0.1062482419999999,4497,6491,0.6928054228932368,0.178585916,0.247722217,0.0778901182826674,1.0,0.541,0.6449,0.8294,0.4995,1.0,0.2986,0.1449
58,nor,ces,61.16,16,14,0.178684302,114304,3450,33.13159420289855,0.091965586,0.206890882,0.3085663475402295,0.8831,0.5301,0.5811,0.0673,0.7041,0.0585,0.3246,0.0483
59,nor,rus,62.73,14,16,0.116973273,55398,3450,16.057391304347828,0.123916395,0.206890882,0.1608445869959945,0.8564,0.4793,0.5453,0.2863,0.704,0.1847,0.2209,0.149
60,nor,spa,63.41,10,20,0.1653848259999999,31546,3450,9.143768115942027,0.0791871859999999,0.206890882,0.380999347119402,0.9176,0.4054,0.461,0.4396,0.7943,0.1153,0.4517,0.0942
61,nor,kor,16.34,29,1,0.103783409,30426,3450,8.81913043478261,0.294432976,0.206890882,0.1790404493901921,1.0,0.5425,0.5887,0.2863,0.7944,0.3892,0.4796,0.2963
62,nor,est,54.56,21,9,0.138073403,23460,3450,6.8,0.221928097,0.206890882,0.0052826533907944,0.9766,0.3641,0.4353,0.2969,0.5095,0.0359,0.16,0.0342
63,nor,pol,58.08,20,10,0.146769214,22646,3450,6.564057971014493,0.223329008,0.206890882,0.0063127982205503,0.8718,0.4732,0.5388,0.0103,0.704,0.0526,0.2971,0.0434
64,nor,nld,65.6,6,24,0.200898811,19452,3450,5.638260869565217,0.133302703,0.206890882,0.1265124918967197,0.7048,0.3635,0.4699,0.0461,0.7941,0.047,0.228,0.0389
65,nor,por,63.03,12,18,0.152596869,19763,3450,5.728405797101449,0.095460698,0.206890882,0.2900834775722393,0.9139,0.3897,0.4804,0.0667,0.7041,0.1109,0.2155,0.0907
66,nor,lat,43.69,24,6,0.024790369,17140,3450,4.9681159420289855,0.158874645,0.206890882,0.0538633724049505,0.8718,0.4984,0.5501,0.1777,0.7041,0.1009,0.4704,0.0826
67,nor,fra,65.42,7,23,0.153546831,16032,3450,4.64695652173913,0.118520741,0.206890882,0.1824434994080858,0.9176,0.3721,0.4814,0.8477,0.6539,0.0715,0.4531,0.0588
68,nor,deu,66.53,4,26,0.177222821,14613,3450,4.235652173913043,0.187631727,0.206890882,0.0086654626509229,0.631,0.2715,0.3713,0.8166,0.654,0.0636,0.3696,0.0524
69,nor,hin,29.05,28,2,0.068817479,14963,3450,4.337101449275362,0.060393443,0.206890882,0.501391957130235,0.8919,0.4799,0.5307,0.8183,0.5636,0.3173,0.3131,0.2472
70,nor,cat,60.37,17,13,0.1802188569999999,14832,3450,4.299130434782609,0.074013319,0.206890882,0.4124968218676225,0.9097,0.3401,0.4344,0.1053,0.5638,0.1031,0.1915,0.0845
71,nor,ita,65.94,5,25,0.173459508,13685,3450,3.966666666666667,0.102554534,0.206890882,0.254324711591998,0.9047,0.4554,0.521,0.069,0.7041,0.0946,0.3739,0.0776
72,nor,eng,72.48,2,28,0.175231553,14545,3450,4.215942028985507,0.0961556319999999,0.206890882,0.2864765506158098,0.7048,0.2738,0.3548,0.2863,0.5269,0.0513,0.3914,0.0423
73,nor,fin,47.95,23,7,0.130090064,13581,3450,3.9365217391304346,0.302519355,0.206890882,0.2136445112763436,1.0,0.4385,0.4996,0.2863,0.7943,0.0478,0.1907,0.0394
74,nor,bul,63.95,9,21,0.1131368859999999,10022,3450,2.904927536231884,0.201446082,0.206890882,0.0006925978856075,0.8831,0.3898,0.4345,0.0881,0.7041,0.1054,0.295,0.0863
75,nor,slv,61.87,15,15,0.137452274,9290,3450,2.692753623188406,0.237767323,0.206890882,0.0222726436325631,0.8718,0.4285,0.5091,0.0612,0.5636,0.078,0.4025,0.0641
76,nor,slk,58.74,19,11,0.1225086319999999,9543,3450,2.766086956521739,0.261917468,0.206890882,0.0707395732523525,0.8718,0.3124,0.37,0.1941,0.5733,0.0696,0.3598,0.0573
77,nor,ron,63.33,11,19,0.13332359,8795,3450,2.5492753623188404,0.167303215,0.206890882,0.0366131516784058,0.8989,0.3338,0.3682,0.0494,0.5636,0.0888,0.399,0.0729
78,nor,hrv,62.98,13,17,0.157657246,7832,3450,2.270144927536232,0.216688845,0.206890882,0.0022427914307449,0.8919,0.3736,0.4386,0.1384,0.7044,0.0853,0.0683,0.0701
79,nor,ara,37.32,27,3,0.084491861,6984,3450,2.0243478260869567,0.1033986809999999,0.206890882,0.2502260639420608,1.0,0.5536,0.5952,0.3977,0.5447,1.0,0.3998,0.1751
80,nor,lav,59.73,18,12,0.119457791,6475,3450,1.8768115942028984,0.268650981,0.206890882,0.0891113996068163,0.8337,0.4439,0.4882,0.2863,0.5122,0.0451,0.2494,0.0373
81,nor,heb,39.59,26,4,0.109958165,5725,3450,1.6594202898550725,0.117344567,0.206890882,0.187332330039128,1.0,0.3946,0.4927,0.8025,0.5636,0.1853,0.3032,0.1494
82,nor,ukr,64.3,8,22,0.117758819,5090,3450,1.4753623188405798,0.31926283,0.206890882,0.2950075405895644,0.8718,0.4493,0.5184,0.0227,0.7041,0.0803,0.2833,0.066
83,nor,ind,52.98,22,8,0.127477667,5036,3450,1.4597101449275365,0.197096308,0.206890882,0.0022412401887895,1.0,0.443,0.4894,0.5268,0.5636,0.5622,0.1639,0.3987
84,nor,dan,68.94,3,27,0.528069566,4947,3450,1.4339130434782608,0.203165045,0.206890882,0.0003243134799531,0.4788,0.234,0.3871,0.2569,0.488,0.0286,0.4189,0.0236
85,nor,swe,72.67,1,29,0.34269899,4807,3450,1.393333333333333,0.193727962,0.206890882,0.0040478254952898,0.4788,0.2634,0.3944,0.0045,0.6539,0.0206,0.2034,0.017
86,nor,zho,39.73,25,5,0.103856483,4497,3450,1.3034782608695652,0.178585916,0.206890882,0.0187172729219721,1.0,0.5075,0.5649,0.8467,0.5637,1.0,0.3556,0.2709
87,spa,ces,58.28,17,13,0.18863457,114304,2147,53.23893805309734,0.091965586,0.1929523189999999,0.2739230888614469,0.9248,0.4953,0.5196,0.4714,0.4991,0.0821,0.2415,0.0675
88,spa,rus,63.84,10,20,0.128603928,55398,2147,25.802515137401024,0.123916395,0.1929523189999999,0.1280118809368482,0.9078,0.4163,0.4644,0.6082,0.4991,0.2742,0.3906,0.2163
89,spa,nor,64.74,8,22,0.221536128,34170,2147,15.91523055426176,0.106159434,0.1929523189999999,0.2023337096683337,0.9176,0.4054,0.461,0.4396,0.7943,0.1153,0.4517,0.0942
90,spa,kor,21.31,29,1,0.114226906,30426,2147,14.17140195621798,0.294432976,0.1929523189999999,0.2766091457636196,1.0,0.6247,0.6143,0.6082,0.6657,0.4956,0.3925,0.3622
91,spa,est,42.41,25,5,0.138585821,23460,2147,10.926874708896134,0.221928097,0.1929523189999999,0.0225512285370057,0.9638,0.4531,0.4736,0.17,0.4713,0.1347,0.5111,0.1129
92,spa,pol,45.23,24,6,0.1173220669999999,22646,2147,10.547741034000932,0.223329008,0.1929523189999999,0.0247845401056441,0.9176,0.4668,0.4929,0.4353,0.4991,0.0984,0.4826,0.0807
93,spa,nld,65.33,7,23,0.239782101,19452,2147,9.060083837913368,0.133302703,0.1929523189999999,0.0955686165871949,0.9386,0.4862,0.5276,0.4606,0.6652,0.0683,0.5082,0.0563
94,spa,por,74.58,2,28,0.4665026229999999,19763,2147,9.204937121564974,0.095460698,0.1929523189999999,0.2552904553526889,0.1864,0.3611,0.4187,0.471,0.4991,0.0156,0.3858,0.0129
95,spa,lat,45.37,23,7,0.083058638,17140,2147,7.983232417326502,0.158874645,0.1929523189999999,0.0311917601681306,0.5533,0.4563,0.4919,0.5352,0.499,0.0573,0.3654,0.0472
96,spa,fra,74.37,3,27,0.359704103,16032,2147,7.467163483931067,0.118520741,0.1929523189999999,0.1488039459301655,0.4601,0.4154,0.5021,0.4984,0.7311,0.0438,0.0086,0.0362
97,spa,deu,61.27,13,17,0.156630608,14613,2147,6.806241266884024,0.187631727,0.1929523189999999,0.0007603611330925,0.9248,0.3991,0.4435,0.479,0.7313,0.0703,0.15,0.0579
98,spa,hin,31.24,28,2,0.070724422,14963,2147,6.969259431765254,0.060393443,0.1929523189999999,0.4719735064700861,0.9304,0.5484,0.5685,0.4801,0.6658,0.3634,0.2405,0.279
99,spa,cat,82.77,1,29,0.50062677,14832,2147,6.9082440614811365,0.074013319,0.1929523189999999,0.3799693452718723,0.2677,0.3939,0.465,0.4918,0.6652,0.0205,0.394,0.017
100,spa,ita,73.88,4,26,0.287277342,13685,2147,6.374010246856078,0.102554534,0.1929523189999999,0.2194904219093977,0.5295,0.3807,0.4359,0.4722,0.4992,0.0588,0.1288,0.0485
101,spa,eng,66.83,5,25,0.170682638,14545,2147,6.774569166278528,0.0961556319999999,0.1929523189999999,0.251663934146114,0.9386,0.4351,0.479,0.6082,0.6403,0.0698,0.1268,0.0575
102,spa,fin,35.25,27,3,0.139158426,13581,2147,6.3255705635770845,0.302519355,0.1929523189999999,0.3224480995143557,1.0,0.3143,0.366,0.6082,0.6655,0.1597,0.5168,0.1295
103,spa,bul,63.79,11,19,0.12479688,10022,2147,4.667908709827667,0.201446082,0.1929523189999999,0.0019377612749689,0.9248,0.2948,0.2985,0.409,0.4991,0.1089,0.3049,0.0891
104,spa,slv,60.46,15,15,0.143940449,9290,2147,4.326967862133209,0.237767323,0.1929523189999999,0.0539444629786315,0.9176,0.4395,0.5115,0.4682,0.6656,0.0717,0.127,0.059
105,spa,slk,54.7,20,10,0.123404058,9543,2147,4.444806707033069,0.261917468,0.1929523189999999,0.1277495422524947,0.9176,0.3608,0.3551,0.2462,0.4802,0.0904,0.1483,0.0742
106,spa,ron,65.47,6,24,0.294767631,8795,2147,4.096413600372613,0.167303215,0.1929523189999999,0.0176703190873504,0.5804,0.2941,0.3247,0.4207,0.6656,0.1069,0.1304,0.0875
107,spa,hrv,60.74,14,16,0.170233839,7832,2147,3.647880763856544,0.216688845,0.1929523189999999,0.0151333232819818,0.9304,0.4291,0.4214,0.3981,0.4997,0.0776,0.4806,0.0638
108,spa,ara,46.23,22,8,0.0701672929999999,6984,2147,3.2529110386585933,0.1033986809999999,0.1929523189999999,0.2154102979133033,1.0,0.5106,0.5418,0.1578,0.4256,1.0,0.1295,0.1725
109,spa,lav,52.97,21,9,0.135769225,6475,2147,3.015836050302748,0.268650981,0.1929523189999999,0.1539133891909916,0.8934,0.4395,0.4592,0.6082,0.4718,0.129,0.5212,0.1053
110,spa,heb,56.16,19,11,0.121113639,5725,2147,2.6665114112715416,0.117344567,0.1929523189999999,0.1535439278593294,1.0,0.2669,0.4008,0.4707,0.6656,0.1696,0.3292,0.1372
111,spa,ukr,61.35,12,18,0.11170435,5090,2147,2.370749883558453,0.31926283,0.1929523189999999,0.4285277782267523,0.9176,0.4136,0.4546,0.4304,0.4991,0.1095,0.3312,0.0896
112,spa,ind,56.53,18,12,0.138384636,5036,2147,2.3455985095482066,0.197096308,0.1929523189999999,0.0004612508535431,1.0,0.4443,0.4815,0.4885,0.6657,0.6143,0.5122,0.4247
113,spa,dan,64.12,9,21,0.161505486,4947,2147,2.304145319049837,0.203165045,0.1929523189999999,0.0028014530954082,0.9248,0.453,0.5007,0.3023,0.4952,0.089,0.0978,0.073
114,spa,swe,60.41,16,14,0.116176857,4807,2147,2.2389380530973453,0.193727962,0.1929523189999999,1.6159344876055972e-05,0.9248,0.4612,0.5221,0.4415,0.7309,0.1252,0.3946,0.1022
115,spa,zho,35.92,26,4,0.1058699719999999,4497,2147,2.094550535631113,0.178585916,0.1929523189999999,0.0055436535949045,1.0,0.5313,0.5939,0.4977,0.6658,1.0,0.4762,0.3363
116,kor,ces,14.61,16,14,0.125440152,114304,3276,34.89133089133089,0.091965586,0.465899158,0.6441767784799476,1.0,0.6739,0.6698,0.2189,0.4993,0.4141,0.4388,0.3125
117,kor,rus,15.6,9,21,0.117398796,55398,3276,16.91025641025641,0.123916395,0.465899158,0.5387962724482416,1.0,0.6144,0.6388,0.0,0.4994,0.2272,0.4218,0.1814
118,kor,nor,15.32,11,19,0.117373823,34170,3276,10.43040293040293,0.106159434,0.465899158,0.5962013335595927,1.0,0.5425,0.5887,0.2863,0.7944,0.3892,0.4796,0.2963
119,kor,spa,12.19,24,6,0.124441226,31546,3276,9.629426129426127,0.0791871859999999,0.465899158,0.6889558364492705,1.0,0.6247,0.6143,0.6082,0.6657,0.4956,0.3925,0.3622
120,kor,est,16.17,7,23,0.1167744669999999,23460,3276,7.1611721611721615,0.221928097,0.465899158,0.2742159918986014,0.9896,0.6679,0.6306,0.4383,0.5509,0.3622,0.4041,0.2754
121,kor,pol,14.86,15,15,0.103438803,22646,3276,6.912698412698413,0.223329008,0.465899158,0.2710758713127536,1.0,0.5729,0.6013,0.2966,0.4993,0.3976,0.2833,0.3018
122,kor,nld,14.58,17,13,0.11924681,19452,3276,5.937728937728938,0.133302703,0.465899158,0.509625770154501,1.0,0.6271,0.6555,0.2402,0.0174,0.4315,0.3405,0.3235
123,kor,por,13.76,21,9,0.123916789,19763,3276,6.032661782661783,0.095460698,0.465899158,0.6321909711218328,1.0,0.6603,0.7008,0.2196,0.4995,0.4962,0.4298,0.3625
124,kor,lat,13.92,20,10,0.000249732,17140,3276,5.231990231990232,0.158874645,0.465899158,0.434272422356117,1.0,0.5654,0.6026,0.1085,0.4993,0.4515,0.1005,0.3358
125,kor,fra,12.06,26,4,0.121019904,16032,3276,4.893772893772894,0.118520741,0.465899158,0.5559321781923584,1.0,0.7048,0.7102,0.8305,0.3914,0.4552,0.3889,0.3381
126,kor,deu,17.39,3,27,0.120870065,14613,3276,4.460622710622711,0.187631727,0.465899158,0.3567310449798401,1.0,0.4334,0.4587,0.7957,0.3914,0.4258,0.4456,0.3199
127,kor,hin,22.94,1,29,0.062133207,14963,3276,4.567460317460317,0.060393443,0.465899158,0.7575479155122635,1.0,0.531,0.5589,0.7976,0.6659,0.2488,0.4531,0.1976
128,kor,cat,12.69,23,7,0.1216442319999999,14832,3276,4.527472527472527,0.074013319,0.465899158,0.7075144098004392,1.0,0.6071,0.6624,0.181,0.6654,0.4773,0.441,0.3515
129,kor,ita,12.19,24,6,0.119596434,13685,3276,4.177350427350428,0.102554534,0.465899158,0.6082100981557959,1.0,0.6318,0.6851,0.2172,0.4995,0.4465,0.4628,0.3328
130,kor,eng,16.31,5,25,0.1219189369999999,14545,3276,4.43986568986569,0.0961556319999999,0.465899158,0.6298212446473307,1.0,0.6233,0.677,0.0,0.8269,0.4405,0.4285,0.3292
131,kor,fin,17.88,2,28,0.1170491719999999,13581,3276,4.145604395604396,0.302519355,0.465899158,0.1229738825851344,1.0,0.6562,0.6054,0.0,0.0067,0.3414,0.3862,0.2641
132,kor,bul,14.06,18,12,0.116025273,10022,3276,3.059218559218559,0.201446082,0.465899158,0.3221909925003948,1.0,0.5371,0.523,0.3744,0.4992,0.4068,0.4232,0.3077
133,kor,slv,15.27,12,18,0.1129286019999999,9290,3276,2.835775335775336,0.237767323,0.465899158,0.2397661868239756,1.0,0.6511,0.6586,0.225,0.6658,0.4283,0.4128,0.3214
134,kor,slk,14.9,14,16,0.1026396619999999,9543,3276,2.913003663003663,0.261917468,0.465899158,0.1916895863003541,1.0,0.4589,0.4599,0.4134,0.5105,0.4085,0.4717,0.3089
135,kor,ron,13.98,19,11,0.118647454,8795,3276,2.6846764346764345,0.167303215,0.465899158,0.4107560362133504,1.0,0.6077,0.6035,0.3356,0.6657,0.3995,0.4157,0.3029
136,kor,hrv,15.65,8,22,0.119321729,7832,3276,2.3907203907203907,0.216688845,0.465899158,0.2861199695521397,1.0,0.5512,0.5396,0.4247,0.4996,0.4261,0.4485,0.3201
137,kor,ara,6.64,29,1,0.0994680719999999,6984,3276,2.131868131868132,0.1033986809999999,0.465899158,0.6053873106909048,1.0,0.8075,0.793,0.4887,0.5612,1.0,0.4151,0.2926
138,kor,lav,16.21,6,24,0.114177259,6475,3276,1.9764957264957264,0.268650981,0.465899158,0.1792429756131941,1.0,0.6758,0.6254,0.0,0.5508,0.3666,0.3462,0.2813
139,kor,heb,8.55,28,2,0.115500837,5725,3276,1.7475579975579976,0.117344567,0.465899158,0.5597031662689154,1.0,0.6547,0.7191,0.7798,0.6657,0.4099,0.396,0.3097
140,kor,ukr,15.16,13,17,0.112828709,5090,3276,1.5537240537240538,0.31926283,0.465899158,0.0990602232113709,1.0,0.6453,0.6581,0.309,0.4994,0.3932,0.4144,0.2988
141,kor,ind,11.24,27,3,0.119096971,5036,3276,1.537240537240537,0.197096308,0.465899158,0.3328770752351244,1.0,0.6391,0.6552,0.813,0.6658,0.2665,0.3967,0.2106
142,kor,dan,13.52,22,8,0.107908998,4947,3276,1.51007326007326,0.203165045,0.465899158,0.3180160785780253,1.0,0.6506,0.6692,0.3105,0.562,0.41,0.4046,0.3098
143,kor,swe,15.54,10,20,0.114377045,4807,3276,1.4673382173382172,0.193727962,0.465899158,0.3412718543789162,1.0,0.6011,0.6311,0.2818,0.3913,0.374,0.4318,0.2862
144,kor,zho,16.68,4,26,0.109956796,4497,3276,1.3727106227106227,0.178585916,0.465899158,0.3803009709638579,1.0,0.5145,0.5975,0.8294,0.6659,1.0,0.2132,0.0436
145,est,ces,47.94,5,25,0.184067066,114304,2737,41.76251370113263,0.091965586,0.323237952,0.5119208212568355,0.9744,0.4126,0.4884,0.3146,0.3215,0.0591,0.42,0.0506
146,est,rus,46.5,8,22,0.1566883919999999,55398,2737,20.240409207161125,0.123916395,0.323237952,0.3802452950952518,0.9791,0.4507,0.4976,0.4383,0.3213,0.1505,0.2941,0.1182
147,est,nor,51.58,3,27,0.204613185,34170,2737,12.48447204968944,0.106159434,0.323237952,0.4510129406743042,0.9766,0.3641,0.4353,0.2969,0.5095,0.0359,0.16,0.0342
148,est,spa,40.93,17,13,0.174181668,31546,2737,11.525758129338692,0.0791871859999999,0.323237952,0.5700535535715152,0.9638,0.4531,0.4736,0.17,0.4713,0.1347,0.5111,0.1129
149,est,kor,16.7,29,1,0.1469725969999999,30426,2737,11.116550968213373,0.294432976,0.323237952,0.0079412769556886,0.9896,0.6679,0.6306,0.4383,0.5509,0.3622,0.4041,0.2754
150,est,pol,42.9,15,15,0.153054055,22646,2737,8.274022652539276,0.223329008,0.323237952,0.0955353379893279,0.9766,0.412,0.4885,0.2954,0.3214,0.0447,0.227,0.0382
151,est,nld,44.48,12,18,0.168875536,19452,2737,7.107051516258678,0.133302703,0.323237952,0.3452760447024556,0.9687,0.4325,0.5077,0.3076,0.5502,0.0693,0.1319,0.0608
152,est,por,40.02,22,8,0.1680759819999999,19763,2737,7.220679576178298,0.095460698,0.323237952,0.496564894342052,0.9654,0.3694,0.4806,0.3143,0.3216,0.1341,0.2962,0.1126
153,est,lat,28.26,26,4,0.025828023,17140,2737,6.262331019364267,0.158874645,0.323237952,0.258562208426816,0.9766,0.5388,0.5418,0.3672,0.3214,0.1043,0.4197,0.0869
154,est,fra,40.64,19,11,0.190584644,16032,2737,5.857508220679576,0.118520741,0.323237952,0.4011104896084247,0.9638,0.418,0.53,0.5652,0.5853,0.093,0.5119,0.0798
155,est,deu,46.6,7,23,0.16654956,14613,2737,5.339057362075265,0.187631727,0.323237952,0.1760007666606915,0.9744,0.4153,0.4449,0.5373,0.4629,0.0691,0.4632,0.0591
156,est,hin,32.07,24,6,0.103263635,14963,2737,5.466934599926927,0.060393443,0.323237952,0.6612308758881671,0.9724,0.459,0.4785,0.5389,0.3076,0.2818,0.4156,0.218
157,est,cat,40.56,20,10,0.187895234,14832,2737,5.419071976616734,0.074013319,0.323237952,0.5944799850352049,0.967,0.4009,0.4866,0.3297,0.307,0.1185,0.2803,0.0996
158,est,ita,41.28,16,14,0.1726067889999999,13685,2737,5.0,0.102554534,0.323237952,0.4661167510778185,0.9687,0.4644,0.5452,0.3152,0.3216,0.098,0.4669,0.0819
159,est,eng,44.7,11,19,0.1939282339999999,14545,2737,5.31421264157837,0.0961556319999999,0.323237952,0.4935395402835118,0.9687,0.3752,0.471,0.4383,0.4849,0.0814,0.4768,0.0711
160,est,fin,59.45,1,29,0.253822111,13581,2737,4.96200219218122,0.302519355,0.323237952,0.004108430957602,0.9819,0.3362,0.3482,0.4383,0.5506,0.0298,0.0338,0.0245
161,est,bul,43.49,13,17,0.14958932,10022,2737,3.661673364998173,0.201446082,0.323237952,0.1419684708315342,0.9744,0.4294,0.4363,0.2945,0.3215,0.0902,0.3803,0.0733
162,est,slv,46.1,9,21,0.1766287889999999,9290,2737,3.3942272561198394,0.237767323,0.323237952,0.0699180177653316,0.9766,0.3661,0.4577,0.3124,0.3074,0.0785,0.4817,0.066
163,est,slk,40.66,18,12,0.150001211,9543,2737,3.486664230909755,0.261917468,0.323237952,0.0359887245328721,0.9766,0.393,0.4024,0.1292,0.1252,0.0625,0.4573,0.0523
164,est,ron,40.37,21,9,0.169117825,8795,2737,3.2133723054439165,0.167303215,0.323237952,0.2327239348879406,0.9705,0.4595,0.4673,0.2925,0.3074,0.0732,0.4796,0.0596
165,est,hrv,45.23,10,20,0.167688319,7832,2737,2.8615272195834858,0.216688845,0.323237952,0.1086563058187053,0.9724,0.4405,0.4706,0.304,0.3226,0.0822,0.1037,0.0686
166,est,ara,22.2,28,2,0.097036804,6984,2737,2.5516989404457435,0.1033986809999999,0.323237952,0.4625576389534783,0.9744,0.6136,0.6093,0.1085,0.0646,1.0,0.4802,0.1526
167,est,lav,55.3,2,28,0.1720495239999999,6475,2737,2.3657289002557547,0.268650981,0.323237952,0.0285189347479161,0.9819,0.3728,0.3812,0.4383,0.0118,0.0157,0.0998,0.012
168,est,heb,24.32,27,3,0.148717079,5725,2737,2.091706247716478,0.117344567,0.323237952,0.4057327779573904,0.9724,0.4567,0.5687,0.5248,0.3073,0.1644,0.3702,0.1313
169,est,ukr,43.28,14,16,0.153659778,5090,2737,1.8597004018998904,0.31926283,0.323237952,0.0001512363652728,0.9766,0.4031,0.4469,0.2939,0.3214,0.0634,0.361,0.0515
170,est,ind,31.23,25,5,0.1645143309999999,5036,2737,1.8399707709170623,0.197096308,0.323237952,0.1522903135203473,0.9705,0.451,0.4861,0.542,0.3076,0.5264,0.0229,0.3764
171,est,dan,47.27,6,24,0.160492332,4947,2737,1.8074534161490683,0.203165045,0.323237952,0.1379892827961402,0.9744,0.3582,0.4612,0.1372,0.0628,0.048,0.4928,0.0434
172,est,swe,49.56,4,26,0.138904368,4807,2737,1.7563025210084031,0.193727962,0.323237952,0.1605320851444971,0.9744,0.3947,0.5046,0.2977,0.6292,0.0153,0.284,0.0172
173,est,zho,35.17,23,7,0.141254573,4497,2737,1.6430398246255025,0.178585916,0.323237952,0.2002647019729475,0.9791,0.6074,0.6647,0.5643,0.3077,1.0,0.2687,0.2471
174,pol,ces,81.75,1,29,0.338503344,114304,2827,40.43296781039972,0.091965586,0.3456103679999999,0.5386148709186046,0.4788,0.4156,0.4894,0.0776,0.0067,0.0165,0.3728,0.0137
175,pol,rus,76.8,4,26,0.182107023,55398,2827,19.59603820304209,0.123916395,0.3456103679999999,0.4114662779854123,0.5319,0.4518,0.4586,0.2966,0.0072,0.1763,0.2372,0.1425
176,pol,nor,62.61,15,15,0.227675585,34170,2827,12.087018040325434,0.106159434,0.3456103679999999,0.4800202357354206,0.8718,0.4732,0.5388,0.0103,0.704,0.0526,0.2971,0.0434
177,pol,spa,66.28,10,20,0.213586957,31546,2827,11.158825610187478,0.0791871859999999,0.3456103679999999,0.5942517878522839,0.9176,0.4668,0.4929,0.4353,0.4991,0.0984,0.4826,0.0807
178,pol,kor,16.61,29,1,0.17027592,30426,2827,10.762645914396888,0.294432976,0.3456103679999999,0.0219271797124992,1.0,0.5729,0.6013,0.2966,0.4993,0.3976,0.2833,0.3018
179,pol,est,61.86,17,13,0.2,23460,2827,8.298549699327909,0.221928097,0.3456103679999999,0.1280682210853182,0.9766,0.412,0.4885,0.2954,0.3214,0.0447,0.227,0.0382
180,pol,nld,61.59,19,11,0.214005017,19452,2827,6.880792359391581,0.133302703,0.3456103679999999,0.3773617027650814,0.9047,0.4483,0.5301,0.0564,0.4986,0.0466,0.1031,0.0385
181,pol,por,62.64,14,16,0.206772575,19763,2827,6.990802971347718,0.095460698,0.3456103679999999,0.5238733954921575,0.9139,0.3492,0.4337,0.077,0.0171,0.1016,0.2489,0.0832
182,pol,lat,51.48,25,5,0.0089046819999999,17140,2827,6.062964273081005,0.158874645,0.3456103679999999,0.2919317227140526,0.8718,0.4402,0.4995,0.188,0.0082,0.0599,0.2612,0.0493
183,pol,fra,66.09,11,19,0.194941472,16032,2827,5.671029359745313,0.118520741,0.3456103679999999,0.43173878902491,0.9176,0.5356,0.6351,0.8489,0.6071,0.063,0.4793,0.0519
184,pol,deu,63.52,13,17,0.19527592,14613,2827,5.169083834453485,0.187631727,0.3456103679999999,0.2089407850521638,0.8831,0.451,0.5095,0.8181,0.6073,0.0282,0.4394,0.0232
185,pol,hin,36.22,28,2,0.098285953,14963,2827,5.292889989388044,0.060393443,0.3456103679999999,0.681046964789747,0.8919,0.4489,0.4713,0.8198,0.4994,0.2847,0.3839,0.2239
186,pol,cat,65.89,12,18,0.213210702,14832,2827,5.246551114255395,0.074013319,0.3456103679999999,0.6175563175091049,0.9097,0.4261,0.5031,0.1156,0.4986,0.0797,0.2535,0.0655
187,pol,ita,67.77,9,21,0.217725753,13685,2827,4.840820657941281,0.102554534,0.3456103679999999,0.4945823054697233,0.9047,0.3906,0.4438,0.0793,0.0183,0.0537,0.4772,0.0443
188,pol,eng,62.22,16,14,0.233110368,14545,2827,5.145030067209055,0.0961556319999999,0.3456103679999999,0.5209667216980977,0.9047,0.4709,0.5524,0.2966,0.752,0.0666,0.4412,0.0549
189,pol,fin,55.01,23,7,0.1947742469999999,13581,2827,4.804032543332154,0.302519355,0.3456103679999999,0.0155453277399957,1.0,0.4058,0.4641,0.2966,0.499,0.0745,0.2235,0.0612
190,pol,bul,72.65,7,23,0.180351171,10022,2827,3.545100813583304,0.201446082,0.3456103679999999,0.1739970342567232,0.631,0.3751,0.4105,0.0778,0.0098,0.0528,0.3131,0.0436
191,pol,slv,77.18,3,27,0.280267559,9290,2827,3.2861690838344533,0.237767323,0.3456103679999999,0.0973667690360263,0.5903,0.3488,0.485,0.0715,0.4991,0.0341,0.4324,0.0281
192,pol,slk,79.09,2,28,0.293060201,9543,2827,3.375663247258578,0.261917468,0.3456103679999999,0.0586413160555345,0.4097,0.3936,0.4273,0.1894,0.209,0.0183,0.4743,0.0151
193,pol,ron,70.89,8,22,0.2005852839999999,8795,2827,3.111071807569862,0.167303215,0.3456103679999999,0.2661730043626791,0.8989,0.472,0.4948,0.0391,0.4991,0.0365,0.4318,0.0301
194,pol,hrv,75.01,5,25,0.2691471569999999,7832,2827,2.7704280155642023,0.216688845,0.3456103679999999,0.1391481157632476,0.6614,0.5016,0.5229,0.1282,0.0259,0.0375,0.2478,0.031
195,pol,ara,53.45,24,6,0.130894649,6984,2827,2.4704633887513263,0.1033986809999999,0.3456103679999999,0.4911528451567392,1.0,0.6207,0.6378,0.3974,0.2895,1.0,0.4321,0.1368
196,pol,lav,60.52,20,10,0.197115385,6475,2827,2.2904138662893527,0.268650981,0.3456103679999999,0.0495849265984989,0.6545,0.4333,0.494,0.2966,0.3213,0.0332,0.2228,0.0275
197,pol,heb,49.9,26,4,0.167725753,5725,2827,2.025114962858153,0.117344567,0.3456103679999999,0.4362226131343624,1.0,0.4794,0.5792,0.8041,0.4991,0.1332,0.2757,0.1085
198,pol,ukr,74.05,6,24,0.1779682269999999,5090,2827,1.8004952246197383,0.31926283,0.3456103679999999,0.0058117450476138,0.5903,0.3677,0.4508,0.0125,0.0122,0.0289999999999999,0.2848,0.0239
199,pol,ind,58.23,22,8,0.192683946,5036,2827,1.781393703572692,0.197096308,0.3456103679999999,0.1846552316729802,1.0,0.4631,0.537,0.5165,0.4993,0.5357,0.2074,0.3846
200,pol,dan,60.26,21,9,0.20020903,4947,2827,1.7499115670321896,0.203165045,0.3456103679999999,0.16987241608758,0.8831,0.4962,0.5666,0.2604,0.3797,0.035,0.4445,0.0289
201,pol,swe,61.7,18,12,0.1929765889999999,4807,2827,1.7003891050583655,0.193727962,0.3456103679999999,0.1931262962118644,0.8831,0.5123,0.6031,0.0148,0.6068,0.0444,0.2435,0.0366
202,pol,zho,43.48,27,3,0.155769231,4497,2827,1.59073222497347,0.178585916,0.3456103679999999,0.233553610896489,1.0,0.5026,0.6237,0.848,0.4994,1.0,0.0834,0.2726
203,nld,ces,54.75,18,12,0.189019539,114304,1472,77.65217391304348,0.091965586,0.241269561,0.3829461191684078,0.9131,0.4809,0.5305,0.0213,0.4987,0.0373,0.3958,0.0308
204,nld,rus,62.81,5,25,0.140394306,55398,1472,37.63451086956522,0.123916395,0.241269561,0.2365835549678011,0.8934,0.4839,0.5218,0.2402,0.4984,0.2171,0.248,0.1739
205,nld,nor,65.65,2,28,0.28494386,34170,1472,23.213315217391305,0.106159434,0.241269561,0.3135961602435038,0.7048,0.3635,0.4699,0.0461,0.7941,0.047,0.228,0.0389
206,nld,spa,62.94,4,26,0.276368137,31546,1472,21.43070652173913,0.0791871859999999,0.241269561,0.451301228375134,0.9386,0.4862,0.5276,0.4606,0.6652,0.0683,0.5082,0.0563
207,nld,kor,26.52,29,1,0.1249668459999999,30426,1472,20.66983695652174,0.294432976,0.241269561,0.0485535146749976,1.0,0.6271,0.6555,0.2402,0.0174,0.4315,0.3405,0.3235
208,nld,est,48.89,21,9,0.153788348,23460,1472,15.9375,0.221928097,0.241269561,0.0064264867949053,0.9687,0.4325,0.5077,0.3076,0.5502,0.0693,0.1319,0.0608
209,nld,pol,53.32,19,11,0.1170983999999999,22646,1472,15.384510869565217,0.223329008,0.241269561,0.0055292545404892,0.9047,0.4483,0.5301,0.0564,0.4986,0.0466,0.1031,0.0385
210,nld,por,60.57,10,20,0.256918044,19763,1472,13.425951086956522,0.095460698,0.241269561,0.3652269182858502,0.9359,0.4031,0.4562,0.0206,0.4983,0.0653,0.2561,0.0538
211,nld,lat,42.43,23,7,0.094863407,17140,1472,11.644021739130435,0.158874645,0.241269561,0.1166261025995907,0.9047,0.5073,0.5459,0.1317,0.4985,0.0627,0.3377,0.0517
212,nld,fra,63.1,3,27,0.267615595,16032,1472,10.891304347826088,0.118520741,0.241269561,0.258838922810029,0.9386,0.3943,0.4636,0.8427,0.3913,0.0247,0.5065,0.0203
213,nld,deu,66.82,1,29,0.233401114,14613,1472,9.927309782608695,0.187631727,0.241269561,0.0494239436458486,0.5236,0.3675,0.4299,0.8105,0.3915,0.0323,0.4576,0.0268
214,nld,hin,32.21,27,3,0.118557157,14963,1472,10.16508152173913,0.060393443,0.241269561,0.5620272708614572,0.9196,0.4829,0.5832,0.8123,0.6656,0.3313,0.4001,0.257
215,nld,cat,62.09,6,24,0.2888338789999999,14832,1472,10.076086956521738,0.074013319,0.241269561,0.4805732589388305,0.9328,0.3765,0.4367,0.0592,0.6645,0.0564,0.2501,0.0466
216,nld,ita,61.96,7,23,0.187870215,13685,1472,9.296875,0.102554534,0.241269561,0.3305536473093956,0.9291,0.4397,0.467,0.023,0.4983,0.0574,0.4827,0.0473
217,nld,eng,59.88,11,19,0.206613032,14545,1472,9.881114130434783,0.0961556319999999,0.241269561,0.3617538266736734,0.7068,0.3361,0.469,0.2402,0.8264,0.021,0.4655,0.0174
218,nld,fin,38.17,26,4,0.1559101759999999,13581,1472,9.226222826086955,0.302519355,0.241269561,0.0644472212536734,1.0,0.5148,0.5372,0.2402,0.0111,0.0919,0.1309,0.0754
219,nld,bul,59.18,16,14,0.122668199,10022,1472,6.808423913043479,0.201446082,0.241269561,0.0272441540369483,0.9131,0.4536,0.4951,0.1342,0.4986,0.0886,0.3402,0.0727
220,nld,slv,59.34,15,15,0.165635222,9290,1472,6.311141304347826,0.237767323,0.241269561,0.0002107105321023,0.9047,0.3855,0.4988,0.0152,0.6653,0.0477,0.4628,0.0394
221,nld,slk,51.54,20,10,0.10259924,9543,1472,6.483016304347826,0.261917468,0.241269561,0.0073239775245166,0.9047,0.3868,0.4664,0.2198,0.5102,0.0525,0.4762,0.0433
222,nld,ron,59.5,13,17,0.2288922289999999,8795,1472,5.974864130434782,0.167303215,0.241269561,0.093986020519904,0.9248,0.4788,0.5165,0.0954,0.6653,0.0761,0.4614,0.0626
223,nld,hrv,59.44,14,16,0.1529484569999999,7832,1472,5.320652173913044,0.216688845,0.241269561,0.0103796806104846,0.9196,0.4728,0.5229,0.1845,0.4999,0.0574,0.168,0.0474
224,nld,ara,32.16,28,2,0.104809477,6984,1472,4.744565217391305,0.1033986809999999,0.241269561,0.3265427359805373,1.0,0.6381,0.6777,0.402,0.5611,1.0,0.4618,0.1673
225,nld,lav,56.87,17,13,0.127663337,6475,1472,4.398777173913044,0.268650981,0.241269561,0.0128797331689504,0.8767,0.4531,0.5306,0.2402,0.5502,0.0676,0.1469,0.0558
226,nld,heb,41.96,24,6,0.125232075,5725,1472,3.889266304347826,0.117344567,0.241269561,0.2638230550393133,1.0,0.4773,0.5663,0.7959,0.6652,0.1682,0.3137,0.1362
227,nld,ukr,59.52,12,18,0.129652551,5090,1472,3.457880434782609,0.31926283,0.241269561,0.1044982889488551,0.9047,0.4291,0.4943,0.0688,0.4983,0.0721,0.3135,0.0593
228,nld,ind,45.42,22,8,0.163115551,5036,1472,3.421195652173913,0.197096308,0.241269561,0.0335207477091608,1.0,0.4698,0.548,0.5728,0.6655,0.5823,0.1106,0.4091
229,nld,dan,61.43,8,22,0.217222173,4947,1472,3.360733695652174,0.203165045,0.241269561,0.0249429508688513,0.7323,0.3209,0.4357,0.2457,0.561,0.0215,0.4756,0.0178
230,nld,swe,61.29,9,21,0.200070728,4807,1472,3.265625,0.193727962,0.241269561,0.0388277747181815,0.7323,0.3184,0.3382,0.0416,0.391,0.0578,0.246,0.0477
231,nld,zho,39.7,25,5,0.130934489,4497,1472,3.0550271739130435,0.178585916,0.241269561,0.0674999446597657,1.0,0.5785,0.6247,0.8417,0.6656,1.0,0.16,0.2974
232,por,ces,56.4,20,10,0.299517951,114304,1681,67.99762046400951,0.091965586,0.234453318,0.3693534678962779,0.9214,0.4536,0.4428,0.0007,0.0178,0.0859,0.1826,0.0706
233,por,rus,64.66,11,19,0.145046406,55398,1681,32.955383700178466,0.123916395,0.234453318,0.2222808124432115,0.9037,0.5191,0.5067,0.2196,0.01,0.2778,0.0148,0.219
234,por,nor,66.28,7,23,0.230400269,34170,1681,20.32718619869125,0.106159434,0.234453318,0.2994326404224219,0.9139,0.3897,0.4804,0.0667,0.7041,0.1109,0.2155,0.0907
235,por,spa,76.78,1,29,0.57409406,31546,1681,18.76621058893516,0.0791871859999999,0.234453318,0.4385717980764162,0.1864,0.3611,0.4187,0.471,0.4991,0.0156,0.3858,0.0129
236,por,kor,22.55,29,1,0.132791328,30426,1681,18.09994051160024,0.294432976,0.234453318,0.0654478227778703,1.0,0.6603,0.7008,0.2196,0.4995,0.4962,0.4298,0.3625
237,por,est,44.63,24,6,0.154135789,23460,1681,13.955978584176084,0.221928097,0.234453318,0.0028540266780772,0.9654,0.3694,0.4806,0.3143,0.3216,0.1341,0.2962,0.1126
238,por,pol,47.94,22,8,0.166846536,22646,1681,13.471743010113029,0.223329008,0.234453318,0.0022513001434927,0.9139,0.3492,0.4337,0.077,0.0171,0.1016,0.2489,0.0832
239,por,nld,65.74,9,21,0.252943857,19452,1681,11.571683521713268,0.133302703,0.234453318,0.186133390687975,0.9359,0.4031,0.4562,0.0206,0.4983,0.0653,0.2561,0.0538
240,por,lat,43.7,25,5,0.093316066,17140,1681,10.196311719214751,0.158874645,0.234453318,0.1039167984436046,0.529,0.478,0.4577,0.1111,0.0114,0.0686,0.3764,0.0564
241,por,fra,75.88,2,28,0.34765091,16032,1681,9.53718024985128,0.118520741,0.234453318,0.2445108935457341,0.427,0.4088,0.4825,0.8407,0.607,0.0411,0.3832,0.0339
242,por,deu,64.01,12,18,0.179365422,14613,1681,8.693039857227841,0.187631727,0.234453318,0.0398822422703756,0.9214,0.4266,0.4967,0.8081,0.6074,0.0745,0.2761,0.0613
243,por,hin,30.37,27,3,0.1057390219999999,14963,1681,8.901249256395003,0.060393443,0.234453318,0.5511687270697662,0.9273,0.5052,0.5605,0.8099,0.4997,0.3738,0.1869,0.286
244,por,cat,72.99,4,26,0.420869607,14832,1681,8.823319452706722,0.074013319,0.234453318,0.4682874669223663,0.195,0.2311,0.2519,0.0386,0.4981,0.0313,0.0271,0.0259
245,por,ita,74.55,3,27,0.3133079119999999,13685,1681,8.14098750743605,0.102554534,0.234453318,0.3164964308924257,0.5032,0.2409,0.2345,0.0024,0.0018,0.069,0.3263,0.0568
246,por,eng,68.22,6,24,0.234333405,14545,1681,8.65258774538965,0.0961556319999999,0.234453318,0.3479501760119854,0.9359,0.3797,0.4802,0.2196,0.752,0.0621,0.2917,0.0512
247,por,fin,29.35,28,2,0.158140873,13581,1681,8.079119571683522,0.302519355,0.234453318,0.0842845872494934,1.0,0.3819,0.4563,0.2196,0.499,0.1571,0.3179,0.1275
248,por,bul,66.18,8,22,0.135045687,10022,1681,5.96192742415229,0.201446082,0.234453318,0.01982008671231,0.9214,0.3512,0.4052,0.1548,0.0157,0.119,0.1133,0.0972
249,por,slv,61.97,13,17,0.167494064,9290,1681,5.526472337894111,0.237767323,0.234453318,0.0001997991112604,0.9139,0.3731,0.4242,0.0054,0.4993,0.0789,0.2917,0.0649
250,por,slk,56.99,19,11,0.170515864,9543,1681,5.676977989292088,0.261917468,0.234453318,0.0137220677178468,0.9139,0.367,0.4415,0.2333,0.21,0.0963,0.3172,0.079
251,por,ron,69.52,5,25,0.351392186,8795,1681,5.232004759071981,0.167303215,0.234453318,0.0820314899448396,0.5582,0.3807,0.4293,0.116,0.4992,0.115,0.2885,0.094
252,por,hrv,58.04,17,13,0.19020553,7832,1681,4.659131469363474,0.216688845,0.234453318,0.0057410574120414,0.9273,0.4554,0.5028,0.2051,0.0397,0.0861,0.2235,0.0707
253,por,ara,47.43,23,7,0.084370578,6984,1681,4.154669839381321,0.1033986809999999,0.234453318,0.3124582651502401,1.0,0.5496,0.5992,0.4054,0.2907,1.0,0.2893,0.1826
254,por,lav,56.0,21,9,0.137204115,6475,1681,3.851873884592505,0.268650981,0.234453318,0.0212755154124792,0.8886,0.3851,0.4459,0.2196,0.3216,0.1301,0.3578,0.1062
255,por,heb,57.59,18,12,0.13243159,5725,1681,3.405710886377157,0.117344567,0.234453318,0.2494973468306835,1.0,0.4095,0.5044,0.7933,0.4991,0.1833,0.1053,0.1479
256,por,ukr,61.14,15,15,0.137707749,5090,1681,3.027959547888162,0.31926283,0.234453318,0.1308507938994225,0.9139,0.406,0.3933,0.0894,0.005,0.1164,0.0863,0.0951
257,por,ind,61.01,16,14,0.16368084,5036,1681,2.9958358120166566,0.197096308,0.234453318,0.0253881731010627,1.0,0.4595,0.5353,0.5934,0.4995,0.6254,0.2846,0.4299
258,por,dan,64.76,10,20,0.166750606,4947,1681,2.942891136228436,0.203165045,0.234453318,0.0178094463291403,0.9214,0.3699,0.3963,0.2432,0.3792,0.0867,0.3164,0.0711
259,por,swe,61.47,14,16,0.14734873,4807,1681,2.8596073765615704,0.193727962,0.234453318,0.0301728971353833,0.9214,0.4016,0.4668,0.0622,0.6065,0.1231,0.0153,0.1005
260,por,zho,38.79,26,4,0.12638799,4497,1681,2.6751933372992265,0.178585916,0.234453318,0.0567811501298797,1.0,0.5265,0.5928,0.8397,0.4998,1.0,0.3099,0.3376
261,lat,ces,34.87,17,13,0.071251153,114304,1260,90.71746031746032,0.091965586,0.365410546,0.5599866733266483,0.8831,0.4689,0.4349,0.1104,0.0066,0.0454,0.3782,0.0375
262,lat,rus,35.8,9,21,0.001845149,55398,1260,43.96666666666667,0.123916395,0.365410546,0.436768268125641,0.8564,0.4241,0.4246,0.1085,0.0054,0.2255,0.3676,0.1802
263,lat,nor,35.52,11,19,0.116315379,34170,1260,27.11904761904762,0.106159434,0.365410546,0.503360464001041,0.8718,0.4984,0.5501,0.1777,0.7041,0.1009,0.4704,0.0826
264,lat,spa,36.14,7,23,0.097438081,31546,1260,25.03650793650793,0.0791871859999999,0.365410546,0.6135472258597676,0.5533,0.4563,0.4919,0.5352,0.499,0.0573,0.3654,0.0472
265,lat,kor,10.18,29,1,0.000567738,30426,1260,24.14761904761905,0.294432976,0.365410546,0.0377294173846647,1.0,0.5654,0.6026,0.1085,0.4993,0.4515,0.1005,0.3358
266,lat,est,32.05,22,8,0.07969626,23460,1260,18.61904761904762,0.221928097,0.365410546,0.1541826149229524,0.9766,0.5388,0.5418,0.3672,0.3214,0.1043,0.4197,0.0869
267,lat,pol,37.2,4,26,0.016251508,22646,1260,17.97301587301587,0.223329008,0.365410546,0.1511865458071628,0.8718,0.4402,0.4995,0.188,0.0082,0.0599,0.2612,0.0493
268,lat,nld,33.02,21,9,0.0630189479999999,19452,1260,15.438095238095238,0.133302703,0.365410546,0.4034757865024531,0.9047,0.5073,0.5459,0.1317,0.4985,0.0627,0.3377,0.0517
269,lat,por,36.86,5,25,0.088638138,19763,1260,15.684920634920635,0.095460698,0.365410546,0.5457629129513049,0.529,0.478,0.4577,0.1111,0.0114,0.0686,0.3764,0.0564
270,lat,fra,35.25,14,16,0.167340856,16032,1260,12.723809523809525,0.118520741,0.365410546,0.4565035496683721,0.5533,0.6035,0.6212,0.833,0.607,0.0532,0.3602,0.0438
271,lat,deu,35.55,10,20,0.0549286779999999,14613,1260,11.597619047619048,0.187631727,0.365410546,0.2366997935652907,0.8831,0.4505,0.5066,0.7988,0.6073,0.0375,0.3981,0.0309
272,lat,hin,23.4,27,3,0.0,14963,1260,11.875396825396823,0.060393443,0.365410546,0.696764843310528,0.8919,0.4243,0.498,0.8007,0.4994,0.3061,0.3964,0.2392
273,lat,cat,35.35,13,17,0.084380101,14832,1260,11.771428571428572,0.074013319,0.365410546,0.6359290649724375,0.5,0.46,0.4715,0.0725,0.4984,0.0374,0.3922,0.031
274,lat,ita,37.74,3,27,0.143070045,13685,1260,10.86111111111111,0.102554534,0.365410546,0.5174562950757358,0.4646,0.4415,0.4401,0.1087,0.012,0.0064,0.4314,0.0053
275,lat,eng,34.38,18,12,0.057696402,14545,1260,11.543650793650794,0.0961556319999999,0.365410546,0.5429566063049449,0.9047,0.5403,0.5881,0.1085,0.7521,0.0794,0.3801,0.0653
276,lat,fin,30.86,24,6,0.031154638,13581,1260,10.778571428571428,0.302519355,0.365410546,0.0296222118806252,1.0,0.4559,0.462,0.1085,0.499,0.1336,0.4084,0.1088
277,lat,bul,36.48,6,24,0.000141935,10022,1260,7.953968253968254,0.201446082,0.365410546,0.2013433604770541,0.8831,0.3833,0.4167,0.2658,0.0049,0.0521,0.358,0.0429
278,lat,slv,39.77,1,29,0.074089845,9290,1260,7.373015873015873,0.237767323,0.365410546,0.1220206597337923,0.8718,0.4172,0.4375,0.1165,0.4992,0.0259,0.3607,0.0214
279,lat,slk,35.43,12,18,0.015541835,9543,1260,7.5738095238095235,0.261917468,0.365410546,0.0802158985385471,0.8718,0.4051,0.4478,0.3188,0.2091,0.0444,0.4404,0.0366
280,lat,ron,35.03,16,14,0.070470513,8795,1260,6.98015873015873,0.167303215,0.365410546,0.2939266328444695,0.4196,0.4553,0.4834,0.2271,0.499,0.0531,0.3636,0.0437
281,lat,hrv,39.27,2,28,0.034348165,7832,1260,6.215873015873016,0.216688845,0.365410546,0.1656481285027413,0.8919,0.533,0.5487,0.3162,0.0286,0.0254,0.4436,0.021
282,lat,ara,27.11,26,4,0.0,6984,1260,5.542857142857143,0.1033986809999999,0.365410546,0.5141380693901703,1.0,0.5915,0.5831,0.4377,0.2898,1.0,0.363,0.1307
283,lat,lav,33.89,19,11,0.019445036,6475,1260,5.138888888888889,0.268650981,0.365410546,0.0701173767880474,0.8337,0.4963,0.4772,0.1085,0.3214,0.093,0.3813,0.0764
284,lat,heb,27.85,25,5,0.0,5725,1260,4.5436507936507935,0.117344567,0.365410546,0.4608634425992694,1.0,0.467,0.5566,0.7831,0.499,0.1167,0.3268,0.0954
285,lat,ukr,35.91,8,22,0.000709673,5090,1260,4.03968253968254,0.31926283,0.365410546,0.0159491766426913,0.8718,0.4174,0.3569,0.2005,0.0071,0.0583,0.3491,0.048
286,lat,ind,31.68,23,7,0.018948265,5036,1260,3.996825396825397,0.197096308,0.365410546,0.2121678405143764,1.0,0.5879,0.6274,0.7045,0.4993,0.5572,0.4087,0.396
287,lat,dan,33.38,20,10,0.058051238,4947,1260,3.926190476190476,0.203165045,0.365410546,0.1971438216785718,0.8831,0.5163,0.5164,0.2579,0.3795,0.0729,0.3567,0.0599
288,lat,swe,35.14,15,15,0.026328862,4807,1260,3.815079365079365,0.193727962,0.365410546,0.2207447218101908,0.8831,0.5679,0.6007,0.1733,0.6067,0.1009,0.3809,0.0826
289,lat,zho,22.15,28,2,0.000496771,4497,1260,3.5690476190476192,0.178585916,0.365410546,0.2614003153522926,1.0,0.5159,0.6001,0.8319,0.4995,1.0,0.2037,0.3066
290,fra,ces,58.03,20,10,0.219161677,114304,416,274.7692307692308,0.091965586,0.327345309,0.5170420341275426,0.9248,0.5748,0.5982,0.8407,0.6071,0.0489,0.2384,0.0403
291,fra,rus,66.57,11,19,0.135329341,55398,416,133.16826923076923,0.123916395,0.327345309,0.3862007545127091,0.9078,0.5353,0.6066,0.8305,0.607,0.2382,0.3879,0.1897
292,fra,nor,70.27,7,23,0.29510978,34170,416,82.13942307692308,0.106159434,0.327345309,0.4565649155254536,0.9176,0.3721,0.4814,0.8477,0.6539,0.0715,0.4531,0.0588
293,fra,spa,80.06,1,29,0.407285429,31546,416,75.83173076923077,0.0791871859999999,0.327345309,0.5747046986611308,0.4601,0.4154,0.5021,0.4984,0.7311,0.0438,0.0086,0.0362
294,fra,kor,23.55,29,1,0.129041916,30426,416,73.13942307692308,0.294432976,0.327345309,0.0101089277734307,1.0,0.7048,0.7102,0.8305,0.3914,0.4552,0.3889,0.3381
295,fra,est,48.0,24,6,0.184131737,23460,416,56.39423076923077,0.221928097,0.327345309,0.103707653715599,0.9638,0.418,0.53,0.5652,0.5853,0.093,0.5119,0.0798
296,fra,pol,55.9,22,8,0.135329341,22646,416,54.4375,0.223329008,0.327345309,0.1009695841396783,0.9176,0.5356,0.6351,0.8489,0.6071,0.063,0.4793,0.0519
297,fra,nld,66.58,10,20,0.275449102,19452,416,46.75961538461539,0.133302703,0.327345309,0.3513839769224987,0.9386,0.3943,0.4636,0.8427,0.3913,0.0247,0.5065,0.0203
298,fra,por,80.01,2,28,0.29261477,19763,416,47.50721153846154,0.095460698,0.327345309,0.5018011034868977,0.427,0.4088,0.4825,0.8407,0.607,0.0411,0.3832,0.0339
299,fra,lat,47.64,25,5,0.136726547,17140,416,41.20192307692308,0.158874645,0.327345309,0.2648721713539992,0.5533,0.6035,0.6212,0.833,0.607,0.0532,0.3602,0.0438
300,fra,deu,65.88,15,15,0.204091816,14613,416,35.12740384615385,0.187631727,0.327345309,0.1821650306778041,0.9248,0.4355,0.4746,0.0348,0.5348,0.0388,0.1488,0.032
301,fra,hin,33.18,28,2,0.109381238,14963,416,35.96875,0.060393443,0.327345309,0.6650490516784698,0.9304,0.5839,0.6533,0.0329,0.7313,0.3439,0.2383,0.2657
302,fra,cat,76.2,4,26,0.40259481,14832,416,35.65384615384615,0.074013319,0.327345309,0.5989186347827036,0.3862,0.3619,0.4533,0.8375,0.7307,0.0343,0.392,0.0284
303,fra,ita,78.64,3,27,0.320858283,13685,416,32.89663461538461,0.102554534,0.327345309,0.4715684333817519,0.5295,0.4516,0.5181,0.8405,0.607,0.0497,0.1323,0.041
304,fra,eng,72.79,5,25,0.200598802,14545,416,34.96394230769231,0.0961556319999999,0.327345309,0.4987979191890204,0.9386,0.3493,0.4733,0.8305,0.7116,0.0297,0.1242,0.0246
305,fra,fin,36.21,27,3,0.176646707,13581,416,32.64663461538461,0.302519355,0.327345309,0.0057517453406776,1.0,0.4495,0.5296,0.8305,0.3913,0.1165,0.5176,0.0952
306,fra,bul,67.5,9,21,0.126946108,10022,416,24.09134615384616,0.201446082,0.327345309,0.1479223793516128,0.9248,0.5054,0.5511,0.8595,0.6071,0.0927,0.3013,0.076
307,fra,slv,66.08,13,17,0.188722555,9290,416,22.33173076923077,0.237767323,0.327345309,0.0748842258490774,0.9176,0.5117,0.5642,0.8412,0.7312,0.0492,0.1227,0.0406
308,fra,slk,61.13,18,12,0.135329341,9543,416,22.939903846153847,0.261917468,0.327345309,0.039949646050096,0.9176,0.4698,0.5256,0.6931,0.5899,0.062,0.1518,0.0511
309,fra,ron,71.01,6,24,0.302894212,8795,416,21.141826923076923,0.167303215,0.327345309,0.2390320889081962,0.5804,0.4471,0.5277,0.854,0.7311,0.0841,0.1263,0.069
310,fra,hrv,66.05,14,16,0.168662675,7832,416,18.82692307692308,0.216688845,0.327345309,0.114272395942994,0.9304,0.4991,0.5576,0.8675,0.6077,0.0586,0.4813,0.0483
311,fra,ara,49.79,23,7,0.090319361,6984,416,16.78846153846154,0.1033986809999999,0.327345309,0.4680333626468142,1.0,0.6148,0.6764,0.4572,0.6069,1.0,0.1254,0.169
312,fra,lav,60.06,19,11,0.15489022,6475,416,15.564903846153848,0.268650981,0.327345309,0.0321499295813702,0.8934,0.514,0.5499,0.8305,0.587,0.0895,0.5218,0.0735
313,fra,heb,56.62,21,9,0.119860279,5725,416,13.76201923076923,0.117344567,0.327345309,0.4115564525532801,1.0,0.4163,0.5193,0.0507,0.7311,0.1678,0.3249,0.1358
314,fra,ukr,64.3,17,13,0.133632735,5090,416,12.235576923076923,0.31926283,0.327345309,0.0006096448738773,0.9176,0.4809,0.5406,0.8505,0.607,0.0828,0.3275,0.068
315,fra,ind,64.34,16,14,0.160279441,5036,416,12.10576923076923,0.197096308,0.327345309,0.1583202834011268,1.0,0.4704,0.5896,0.9515,0.7313,0.5959,0.5126,0.4158
316,fra,dan,68.62,8,22,0.245409182,4947,416,11.891826923076923,0.203165045,0.327345309,0.1439106431996659,0.9248,0.3461,0.439,0.5976,0.5792,0.0458,0.093,0.0377
317,fra,swe,66.32,12,18,0.2004990019999999,4807,416,11.555288461538462,0.193727962,0.327345309,0.1666147499361399,0.9248,0.3376,0.4404,0.8472,0.5346,0.0823,0.3923,0.0676
318,fra,zho,42.02,26,4,0.12245509,4497,416,10.810096153846152,0.178585916,0.327345309,0.2065173539088617,1.0,0.6925,0.7156,0.0011,0.7314,1.0,0.4726,0.3122
319,deu,ces,59.93,11,19,0.188386471,114304,977,116.99488229273284,0.091965586,0.329130804,0.5192361636628795,0.8934,0.5084,0.5558,0.8081,0.6073,0.0117,0.11,0.0097
320,deu,rus,63.85,5,25,0.137653049,55398,977,56.7021494370522,0.123916395,0.329130804,0.3887573751050374,0.8691,0.4226,0.4989,0.7957,0.6073,0.2039,0.2839,0.1639
321,deu,nor,63.88,4,26,0.246393502,34170,977,34.974411463664275,0.106159434,0.329130804,0.4589455288647805,0.631,0.2715,0.3713,0.8166,0.654,0.0636,0.3696,0.0524
322,deu,spa,60.95,8,22,0.1839616919999999,31546,977,32.28863868986694,0.0791871859999999,0.329130804,0.5766961376328347,0.9248,0.3991,0.4435,0.479,0.7313,0.0703,0.15,0.0579
323,deu,kor,26.77,29,1,0.125166687,30426,977,31.14227226202661,0.294432976,0.329130804,0.0111139264499636,1.0,0.4334,0.4587,0.7957,0.3914,0.4258,0.4456,0.3199
324,deu,est,55.58,21,9,0.157352406,23460,977,24.012282497441145,0.221928097,0.329130804,0.1060899983324238,0.9744,0.4153,0.4449,0.5373,0.4629,0.0691,0.4632,0.0591
325,deu,pol,57.46,19,11,0.139410838,22646,977,23.17911975435005,0.223329008,0.329130804,0.1033353747019872,0.8831,0.451,0.5095,0.8181,0.6073,0.0282,0.4394,0.0232
326,deu,nld,70.1,1,29,0.257546369,19452,977,19.90992835209826,0.133302703,0.329130804,0.3540079079678012,0.5236,0.3675,0.4299,0.8105,0.3915,0.0323,0.4576,0.0268
327,deu,por,57.98,16,14,0.168505273,19763,977,20.22824974411464,0.095460698,0.329130804,0.5040449289537329,0.9214,0.4266,0.4967,0.8081,0.6074,0.0745,0.2761,0.0613
328,deu,lat,43.4,24,6,0.049339314,17140,977,17.543500511770727,0.158874645,0.329130804,0.2675892125402461,0.8831,0.4505,0.5066,0.7988,0.6073,0.0375,0.3981,0.0309
329,deu,fra,59.28,14,16,0.179233847,16032,977,16.409416581371545,0.118520741,0.329130804,0.4094691384834975,0.9248,0.4355,0.4746,0.0348,0.5348,0.0388,0.1488,0.032
330,deu,hin,36.94,27,3,0.117468784,14963,977,15.31525076765609,0.060393443,0.329130804,0.6666824685267032,0.9014,0.4222,0.4396,0.0019,0.3914,0.3051,0.1018,0.2386
331,deu,cat,57.9,17,13,0.163171293,14832,977,15.181166837256908,0.074013319,0.329130804,0.6008186269092237,0.9176,0.3976,0.4568,0.8042,0.3916,0.0516,0.2835,0.0426
332,deu,ita,57.81,18,12,0.176385016,13685,977,14.007164790174002,0.102554534,0.329130804,0.4739055388231058,0.9131,0.4421,0.5084,0.8079,0.6074,0.0311,0.083,0.0257
333,deu,eng,61.41,7,23,0.2029336889999999,14545,977,14.887410440122824,0.0961556319999999,0.329130804,0.5010513316811404,0.6336,0.3736,0.4714,0.7957,0.7118,0.053,0.0335,0.0437
334,deu,fin,40.89,25,5,0.146017699,13581,977,13.9007164790174,0.302519355,0.329130804,0.0065373236103974,1.0,0.4442,0.448,0.7957,0.3914,0.0976,0.478,0.08
335,deu,bul,61.84,6,24,0.131955389,10022,977,10.257932446264071,0.201446082,0.329130804,0.1505014933282085,0.8934,0.3394,0.3821,0.8309,0.6073,0.0566,0.1873,0.0467
336,deu,slv,64.99,3,27,0.1678991389999999,9290,977,9.508700102354146,0.237767323,0.329130804,0.0770563111936706,0.8831,0.4298,0.4916,0.8087,0.3914,0.0159,0.0582,0.0131
337,deu,slk,59.6,12,18,0.126500182,9543,977,9.767656090071648,0.261917468,0.329130804,0.0417036283089906,0.8831,0.2754,0.327,0.6658,0.4768,0.0232,0.0863,0.0192
338,deu,ron,57.35,20,10,0.1518972,8795,977,9.002047082906858,0.167303215,0.329130804,0.2417508814674485,0.9078,0.4321,0.4239,0.8242,0.3914,0.0458,0.0533,0.0378
339,deu,hrv,60.85,9,21,0.147169354,7832,977,8.016376663254862,0.216688845,0.329130804,0.116713137905519,0.9014,0.4021,0.4415,0.8406,0.6077,0.0253,0.4063,0.0209
340,deu,ara,28.89,28,2,0.0912837919999999,6984,977,7.148413510747186,0.1033986809999999,0.329130804,0.4703808915107395,1.0,0.6341,0.6416,0.4289,0.5043,1.0,0.0543,0.1426
341,deu,lav,58.82,15,15,0.14159292,6475,977,6.627430910951894,0.268650981,0.329130804,0.0337663378605706,0.8485,0.4454,0.4753,0.7957,0.4578,0.0602,0.5014,0.0497
342,deu,heb,37.49,26,4,0.124439326,5725,977,5.859774820880245,0.117344567,0.329130804,0.414055355684119,1.0,0.4033,0.4675,0.0159,0.3914,0.1359,0.2262,0.1107
343,deu,ukr,59.44,13,17,0.130440053,5090,977,5.209825997952917,0.31926283,0.329130804,0.0008989156298112,0.8831,0.438,0.4979,0.82,0.6073,0.044,0.2197,0.0363
344,deu,ind,49.89,22,8,0.157473633,5036,977,5.154554759467758,0.197096308,0.329130804,0.1609302784270628,1.0,0.4973,0.5206,0.9418,0.3914,0.5571,0.4616,0.396
345,deu,dan,60.7,10,20,0.2027518489999999,4947,977,5.06345957011259,0.203165045,0.329130804,0.1464765000665886,0.6667,0.3728,0.4457,0.5651,0.439,0.0361,0.0776,0.0298
346,deu,swe,65.16,2,28,0.150927385,4807,977,4.920163766632548,0.193727962,0.329130804,0.1692460332376807,0.6667,0.3788,0.4483,0.816,0.5347,0.0639,0.2861,0.0527
347,deu,zho,43.79,23,7,0.118741666,4497,977,4.602865916069601,0.178585916,0.329130804,0.2092160336823744,1.0,0.4803,0.4989,0.0337,0.3914,1.0,0.4593,0.2915
348,hin,ces,22.09,15,15,0.0265594129999999,114304,1684,67.87648456057008,0.091965586,0.150578606,0.1515171011878829,0.9014,0.4667,0.5233,0.8098,0.4994,0.2958,0.0281,0.232
349,hin,rus,21.79,16,14,0.024160316,55398,1684,32.89667458432304,0.123916395,0.150578606,0.031352038045418,0.879,0.4354,0.4959,0.7976,0.4994,0.1618,0.1959,0.1311
350,hin,nor,20.11,21,9,0.025289303,34170,1684,20.290973871733968,0.106159434,0.150578606,0.0870190570639785,0.8919,0.4799,0.5307,0.8183,0.5636,0.3173,0.3131,0.2472
351,hin,spa,18.31,24,6,0.026220717,31546,1684,18.732779097387173,0.0791871859999999,0.150578606,0.2247840522183941,0.9304,0.5484,0.5685,0.4801,0.6658,0.3634,0.2405,0.279
352,hin,kor,32.04,3,27,0.018712955,30426,1684,18.06769596199525,0.294432976,0.150578606,0.9126821866265244,1.0,0.531,0.5589,0.7976,0.6659,0.2488,0.4531,0.1976
353,hin,est,40.54,1,29,0.023652272,23460,1684,13.931116389548691,0.221928097,0.150578606,0.2245200932488482,0.9724,0.459,0.4785,0.5389,0.3076,0.2818,0.4156,0.218
354,hin,pol,22.84,11,19,0.019757268,22646,1684,13.447743467933492,0.223329008,0.150578606,0.2334233246092798,0.8919,0.4489,0.4713,0.8198,0.4994,0.2847,0.3839,0.2239
355,hin,nld,23.07,10,20,0.025486876,19452,1684,11.551068883610451,0.133302703,0.150578606,0.0131630026664263,0.9196,0.4829,0.5832,0.8123,0.6656,0.3313,0.4001,0.257
356,hin,por,17.92,26,4,0.025712673,19763,1684,11.735748218527316,0.095460698,0.150578606,0.1339858409957817,0.9273,0.5052,0.5605,0.8099,0.4997,0.3738,0.1869,0.286
357,hin,lat,23.93,6,24,0.0,17140,1684,10.178147268408551,0.158874645,0.150578606,0.0030353936794204,0.8919,0.4243,0.498,0.8007,0.4994,0.3061,0.3964,0.2392
358,hin,fra,18.79,23,7,0.021112052,16032,1684,9.520190023752969,0.118520741,0.150578606,0.0453255045069052,0.9304,0.5839,0.6533,0.0329,0.7313,0.3439,0.2383,0.2657
359,hin,deu,26.4,5,25,0.025797347,14613,1684,8.677553444180523,0.187631727,0.150578606,0.0605512404837357,0.9014,0.4222,0.4396,0.0019,0.3914,0.3051,0.1018,0.2386
360,hin,cat,20.22,20,10,0.025430426,14832,1684,8.807600950118765,0.074013319,0.150578606,0.2585456796332916,0.9237,0.5098,0.541,0.806,0.0212,0.3433,0.1955,0.2653
361,hin,ita,18.19,25,5,0.025458651,13685,1684,8.126484560570072,0.102554534,0.150578606,0.101716502432437,0.9196,0.5392,0.5893,0.8097,0.4997,0.3049,0.1676,0.2384
362,hin,eng,26.5,4,26,0.025599774,14545,1684,8.637173396674584,0.0961556319999999,0.150578606,0.1306285170413278,0.9196,0.4967,0.5893,0.7976,0.6404,0.3511,0.1233,0.2707
363,hin,fin,37.12,2,28,0.02514818,13581,1684,8.064726840855107,0.302519355,0.150578606,1.0181739497997502,1.0,0.5104,0.5326,0.7976,0.6658,0.2859,0.4344,0.2248
364,hin,bul,20.97,19,11,0.023426475,10022,1684,5.951306413301663,0.201446082,0.150578606,0.1141179162815385,0.9014,0.4485,0.4817,0.8325,0.4994,0.2548,0.0976,0.202
365,hin,slv,22.58,12,18,0.023116003,9290,1684,5.516627078384798,0.237767323,0.150578606,0.3352694865768172,0.8919,0.3985,0.4667,0.8105,0.0048,0.2962,0.1304,0.2322
366,hin,slk,23.27,8,22,0.014338132,9543,1684,5.6668646080760094,0.261917468,0.150578606,0.5467225807696928,0.8919,0.4052,0.4389,0.6673,0.3266,0.2819,0.1609,0.2219
367,hin,ron,21.05,18,12,0.025289303,8795,1684,5.222684085510688,0.167303215,0.150578606,0.0123363136296055,0.9147,0.5606,0.5431,0.8259,0.0071,0.2602,0.1255,0.2059
368,hin,hrv,22.54,13,17,0.024950607,7832,1684,4.65083135391924,0.216688845,0.150578606,0.1927573334880808,0.9087,0.5033,0.5342,0.8421,0.4997,0.2881,0.3471,0.2264
369,hin,ara,9.27,29,1,0.01789444,6984,1684,4.147268408551069,0.1033986809999999,0.150578606,0.0981720698614418,1.0,0.6906,0.6762,0.4305,0.3412,1.0,0.1267,0.1337
370,hin,lav,23.73,7,23,0.02255151,6475,1684,3.84501187648456,0.268650981,0.150578606,0.6148512404523393,0.86,0.5036,0.5038,0.7976,0.2987,0.273,0.4661,0.2155
371,hin,heb,9.31,28,2,0.023059554,5725,1684,3.3996437054631827,0.117344567,0.150578606,0.0487124200231433,1.0,0.5711,0.6203,0.0178,0.0069,0.2074,0.1455,0.1663
372,hin,ukr,22.48,14,16,0.023003105,5090,1684,3.022565320665083,0.31926283,0.150578606,1.2549383482087817,0.8919,0.4814,0.5248,0.8217,0.4995,0.2611,0.1314,0.2066
373,hin,ind,14.57,27,3,0.025176404,5036,1684,2.990498812351544,0.197096308,0.150578606,0.0954355014608093,1.0,0.5874,0.6174,0.9423,0.0029,0.2521,0.4109,0.1999
374,hin,dan,19.1,22,8,0.022833757,4947,1684,2.937648456057007,0.203165045,0.150578606,0.1219610011506321,0.9014,0.4978,0.5141,0.5669,0.2947,0.3169,0.1593,0.2469
375,hin,swe,23.18,9,21,0.024470787,4807,1684,2.8545130641330165,0.193727962,0.150578606,0.0821149233853318,0.9014,0.5189,0.6008,0.8177,0.7312,0.2968,0.198,0.2326
376,hin,zho,21.62,17,13,0.018487158,4497,1684,2.6704275534441804,0.178585916,0.150578606,0.0345952323895544,1.0,0.5322,0.5846,0.0318,0.0029,1.0,0.4187,0.1605
377,cat,ces,58.64,17,13,0.197989707,114304,1846,61.91982665222102,0.091965586,0.1680080139999999,0.20485754047122,0.9176,0.4574,0.473,0.0379,0.4986,0.0632,0.1947,0.0521
378,cat,rus,62.61,11,19,0.113467583,55398,1846,30.00975081256772,0.123916395,0.1680080139999999,0.0688734908479845,0.8989,0.5294,0.5371,0.181,0.4983,0.2546,0.0371,0.202
379,cat,nor,63.94,8,22,0.233428897,34170,1846,18.510292524377032,0.106159434,0.1680080139999999,0.1355187757710892,0.9097,0.3401,0.4344,0.1053,0.5638,0.1031,0.1915,0.0845
380,cat,spa,85.35,1,29,0.50740907,31546,1846,17.08884073672806,0.0791871859999999,0.1680080139999999,0.2794921654968616,0.2677,0.3939,0.465,0.4918,0.6652,0.0205,0.394,0.017
381,cat,kor,21.61,29,1,0.114020241,30426,1846,16.482123510292524,0.294432976,0.1680080139999999,0.5662466782043414,1.0,0.6071,0.6624,0.181,0.6654,0.4773,0.441,0.3515
382,cat,est,42.66,25,5,0.124814341,23460,1846,12.708559046587215,0.221928097,0.1680080139999999,0.1030009209580452,0.967,0.4009,0.4866,0.3297,0.307,0.1185,0.2803,0.0996
383,cat,pol,46.73,22,8,0.135332113,22646,1846,12.267605633802816,0.223329008,0.1680080139999999,0.108422633932986,0.9097,0.4261,0.5031,0.1156,0.4986,0.0797,0.2535,0.0655
384,cat,nld,64.89,7,23,0.2203896239999999,19452,1846,10.537378114842904,0.133302703,0.1680080139999999,0.0426709080478115,0.9328,0.3765,0.4367,0.0592,0.6645,0.0564,0.2501,0.0466
385,cat,por,74.48,3,27,0.334772547,19763,1846,10.705850487540628,0.095460698,0.1680080139999999,0.1864587219629473,0.195,0.2311,0.2519,0.0386,0.4981,0.0313,0.0271,0.0259
386,cat,lat,44.86,23,7,0.0840040069999999,17140,1846,9.284940411700974,0.158874645,0.1680080139999999,0.0029553029812995,0.5,0.46,0.4715,0.0725,0.4984,0.0374,0.3922,0.031
387,cat,fra,74.61,2,28,0.38445995,16032,1846,8.684723726977248,0.118520741,0.1680080139999999,0.0867614994461357,0.3862,0.3619,0.4533,0.8375,0.7307,0.0343,0.392,0.0284
388,cat,deu,59.97,14,16,0.144381887,14613,1846,7.916034669555796,0.187631727,0.1680080139999999,0.0136427641406108,0.9176,0.3976,0.4568,0.8042,0.3916,0.0516,0.2835,0.0426
389,cat,hin,30.97,28,2,0.082363304,14963,1846,8.105633802816902,0.060393443,0.1680080139999999,0.4102817140714079,0.9237,0.5098,0.541,0.806,0.0212,0.3433,0.1955,0.2653
390,cat,ita,74.2,4,26,0.305481676,13685,1846,7.413326110509209,0.102554534,0.1680080139999999,0.1517768333431264,0.4717,0.2888,0.311,0.0363,0.4981,0.0384,0.3286,0.0318
391,cat,eng,65.23,6,24,0.175745225,14545,1846,7.87919826652221,0.0961556319999999,0.1680080139999999,0.1829036381083169,0.9328,0.3436,0.4596,0.181,0.6402,0.0638,0.3012,0.0526
392,cat,fin,32.08,27,3,0.126109634,13581,1846,7.356988082340195,0.302519355,0.1680080139999999,0.6409996738259952,1.0,0.3967,0.4921,0.181,0.6651,0.145,0.3037,0.118
393,cat,bul,63.1,10,20,0.108562744,10022,1846,5.429035752979415,0.201446082,0.1680080139999999,0.0396115974603767,0.9176,0.3943,0.457,0.1934,0.4986,0.0886,0.132,0.0728
394,cat,slv,58.97,16,14,0.125850575,9290,1846,5.032502708559047,0.237767323,0.1680080139999999,0.1724028114847278,0.9097,0.3943,0.4106,0.044,0.017,0.0514,0.3033,0.0425
395,cat,slk,53.96,19,11,0.127197679,9543,1846,5.169555796316359,0.261917468,0.1680080139999999,0.3124342487797922,0.9097,0.3685,0.4479,0.261,0.3265,0.0705,0.3182,0.058
396,cat,ron,68.44,5,25,0.289471866,8795,1846,4.764355362946913,0.167303215,0.1680080139999999,1.7598293731392416e-05,0.5319,0.3527,0.3979,0.1547,0.0149,0.0864,0.2998,0.071
397,cat,hrv,60.69,13,17,0.163966702,7832,1846,4.242686890574214,0.216688845,0.1680080139999999,0.083956817977569,0.9237,0.4529,0.5142,0.2437,0.5,0.057,0.2025,0.0471
398,cat,ara,44.03,24,6,0.059341646,6984,1846,3.783315276273023,0.1033986809999999,0.1680080139999999,0.1478871770413047,1.0,0.5521,0.6193,0.414,0.3417,1.0,0.3007,0.159
399,cat,lav,50.83,21,9,0.127750337,6475,1846,3.5075839653304444,0.268650981,0.1680080139999999,0.3588449730804342,0.8831,0.3844,0.4329,0.181,0.2981,0.1114,0.3469,0.0912
400,cat,heb,52.1,20,10,0.106265759,5725,1846,3.101300108342362,0.117344567,0.1680080139999999,0.0909346653891854,1.0,0.4156,0.5077,0.789,0.0147,0.1523,0.1299,0.1237
401,cat,ukr,61.48,12,18,0.104262374,5090,1846,2.7573131094257857,0.31926283,0.1680080139999999,0.8105100923813674,0.9097,0.4186,0.4335,0.128,0.4982,0.0892,0.109,0.0732
402,cat,ind,56.32,18,12,0.129028358,5036,1846,2.7280606717226434,0.197096308,0.1680080139999999,0.0299761950426921,1.0,0.4778,0.5358,0.632,0.0195,0.5946,0.2697,0.4152
403,cat,dan,63.23,9,21,0.165313806,4947,1846,2.679848320693391,0.203165045,0.1680080139999999,0.0437889354903947,0.9176,0.3179,0.3418,0.243,0.2933,0.0753,0.3276,0.0619
404,cat,swe,59.12,15,15,0.144450969,4807,1846,2.604008667388949,0.193727962,0.1680080139999999,0.0234358212120194,0.9176,0.3584,0.4363,0.1008,0.7304,0.1104,0.0171,0.0904
405,cat,zho,35.9,26,4,0.102604401,4497,1846,2.4360780065005416,0.178585916,0.1680080139999999,0.0039640496192867,1.0,0.5589,0.5905,0.8364,0.0219,1.0,0.3171,0.3246
406,ita,ces,69.28,13,17,0.228664683,114304,482,237.14522821576764,0.091965586,0.330421427,0.5208102525182119,0.9131,0.4911,0.479,0.0017,0.0184,0.0391,0.1823,0.0322
407,ita,rus,70.41,11,19,0.12623596,55398,482,114.93360995850622,0.123916395,0.330421427,0.3905933748347234,0.8934,0.5195,0.4916,0.2172,0.0113,0.221,0.3351,0.1768
408,ita,nor,72.87,7,23,0.228568686,34170,482,70.89211618257261,0.106159434,0.330421427,0.4606541094530622,0.9047,0.4554,0.521,0.069,0.7041,0.0946,0.3739,0.0776
409,ita,spa,81.13,2,28,0.376019967,31546,482,65.44813278008299,0.0791871859999999,0.330421427,0.5781243399398716,0.5295,0.3807,0.4359,0.4722,0.4992,0.0588,0.1288,0.0485
410,ita,kor,24.27,29,1,0.119900163,30426,482,63.12448132780083,0.294432976,0.330421427,0.0118628736204346,1.0,0.6318,0.6851,0.2172,0.4995,0.4465,0.4628,0.3328
411,ita,est,52.11,23,7,0.153403091,23460,482,48.67219917012448,0.221928097,0.330421427,0.10781263823205,0.9687,0.4644,0.5452,0.3152,0.3216,0.098,0.4669,0.0819
412,ita,pol,62.64,20,10,0.166842661,22646,482,46.98340248962656,0.223329008,0.330421427,0.1050463706358845,0.9047,0.3906,0.4438,0.0793,0.0183,0.0537,0.4772,0.0443
413,ita,nld,70.89,9,21,0.192473841,19452,482,40.35684647302904,0.133302703,0.330421427,0.3558929241405358,0.9291,0.4397,0.467,0.023,0.4983,0.0574,0.4827,0.0473
414,ita,por,80.44,3,27,0.27531919,19763,482,41.00207468879668,0.095460698,0.330421427,0.5056548265729772,0.5032,0.2409,0.2345,0.0024,0.0018,0.069,0.3263,0.0568
415,ita,lat,52.02,24,6,0.1379475859999999,17140,482,35.560165975103736,0.158874645,0.330421427,0.2695434274011327,0.4646,0.4415,0.4401,0.1087,0.012,0.0064,0.4314,0.0053
416,ita,fra,82.93,1,29,0.340597101,16032,482,33.261410788381745,0.118520741,0.330421427,0.4112712209302478,0.5295,0.4516,0.5181,0.8405,0.607,0.0497,0.1323,0.041
417,ita,deu,68.19,15,15,0.19343381,14613,482,30.31742738589212,0.187631727,0.330421427,0.1867486011350093,0.9131,0.4421,0.5084,0.8079,0.6074,0.0311,0.083,0.0257
418,ita,hin,35.24,27,3,0.097532879,14963,482,31.04356846473029,0.060393443,0.330421427,0.6678534028548968,0.9196,0.5392,0.5893,0.8097,0.4997,0.3049,0.1676,0.2384
419,ita,cat,77.19,4,26,0.310070078,14832,482,30.771784232365142,0.074013319,0.330421427,0.6021810758488804,0.4717,0.2888,0.311,0.0363,0.4981,0.0384,0.3286,0.0318
420,ita,eng,75.63,6,24,0.2175290389999999,14545,482,30.176348547717843,0.0961556319999999,0.330421427,0.5026681395919032,0.9291,0.4569,0.5129,0.2172,0.752,0.0748,0.0937,0.0615
421,ita,fin,34.77,28,2,0.144475377,13581,482,28.176348547717843,0.302519355,0.330421427,0.0071307712559043,1.0,0.465,0.5185,0.2172,0.499,0.1272,0.4803,0.1038
422,ita,bul,72.53,8,22,0.117884228,10022,482,20.79253112033195,0.201446082,0.330421427,0.1523621146224809,0.9131,0.3662,0.4189,0.1571,0.0159,0.0502,0.2541,0.0413
423,ita,slv,70.29,12,18,0.212345205,9290,482,19.273858921161825,0.237767323,0.330421427,0.0786308402033698,0.9047,0.4156,0.4613,0.0078,0.4993,0.0197,0.1191,0.0163
424,ita,slk,65.05,18,12,0.168858597,9543,482,19.79875518672199,0.261917468,0.330421427,0.042982823179299,0.9047,0.3873,0.4554,0.2349,0.2101,0.0387,0.0206,0.0319
425,ita,ron,76.93,5,25,0.289526735,8795,482,18.24688796680498,0.167303215,0.330421427,0.2437072783978777,0.5,0.3458,0.4101,0.1184,0.4992,0.0493,0.1169,0.0406
426,ita,hrv,66.96,17,13,0.202649515,7832,482,16.24896265560166,0.216688845,0.330421427,0.1184768210118859,0.9196,0.4926,0.5329,0.2075,0.0401,0.0205,0.4159,0.0169
427,ita,ara,50.72,25,5,0.074013632,6984,482,14.489626556016598,0.1033986809999999,0.330421427,0.4720655847684814,1.0,0.5631,0.6134,0.4058,0.2908,1.0,0.1172,0.1318
428,ita,lav,61.56,21,9,0.134107709,6475,482,13.433609958506224,0.268650981,0.330421427,0.034948220665823,0.8767,0.4683,0.5085,0.2172,0.3216,0.0869,0.5015,0.0714
429,ita,heb,58.14,22,8,0.11500432,5725,482,11.877593360995853,0.117344567,0.330421427,0.4158494883265691,1.0,0.3847,0.4985,0.793,0.4992,0.1187,0.293,0.0969
430,ita,ukr,68.86,14,16,0.1202841509999999,5090,482,10.560165975103734,0.31926283,0.330421427,0.0011404671519864,0.9047,0.4257,0.4193,0.0918,0.0062,0.0537,0.2838,0.0442
431,ita,ind,62.76,19,11,0.226744744,5036,482,10.448132780082988,0.197096308,0.330421427,0.1628124287924446,1.0,0.5051,0.5713,0.5958,0.4996,0.5564,0.4695,0.3956
432,ita,dan,70.56,10,20,0.161658827,4947,482,10.263485477178424,0.203165045,0.330421427,0.1483278625798036,0.9131,0.4502,0.4648,0.243,0.3792,0.0667,0.1167,0.0549
433,ita,swe,67.13,16,14,0.144475377,4807,482,9.973029045643154,0.193727962,0.330421427,0.1711429839994475,0.9131,0.4748,0.5251,0.0645,0.6065,0.0945,0.3339,0.0774
434,ita,zho,43.5,26,4,0.1006047809999999,4497,482,9.3298755186722,0.178585916,0.330421427,0.2111593448493463,1.0,0.5259,0.599,0.8395,0.4998,1.0,0.4935,0.3036
435,eng,ces,44.6,23,7,0.2835511639999999,114304,2077,55.03322099181512,0.091965586,0.22433854,0.3481695152535835,0.9131,0.549,0.5935,0.2189,0.7522,0.0583,0.1249,0.0481
436,eng,rus,56.23,13,17,0.141098183,55398,2077,26.67212325469427,0.123916395,0.22433854,0.2003785404469327,0.8934,0.4965,0.555,0.0,0.752,0.2316,0.2983,0.1849
437,eng,nor,69.32,1,29,0.270879821,34170,2077,16.451612903225808,0.106159434,0.22433854,0.2775067954133109,0.7048,0.2738,0.3548,0.2863,0.5269,0.0513,0.3914,0.0423
438,eng,spa,61.13,7,23,0.251554033,31546,2077,15.188252286952336,0.0791871859999999,0.22433854,0.4186339104652969,0.9386,0.4351,0.479,0.6082,0.6403,0.0698,0.1268,0.0575
439,eng,kor,20.45,29,1,0.12328658,30426,2077,14.649012999518536,0.294432976,0.22433854,0.0976246102347909,1.0,0.6233,0.677,0.0,0.8269,0.4405,0.4285,0.3292
440,eng,est,49.56,20,10,0.179112209,23460,2077,11.295137217140104,0.221928097,0.22433854,0.0001154478777951,0.9687,0.3752,0.471,0.4383,0.4849,0.0814,0.4768,0.0711
441,eng,pol,52.46,18,12,0.195927638,22646,2077,10.903225806451612,0.223329008,0.22433854,2.0250343812201745e-05,0.9047,0.4709,0.5524,0.2966,0.752,0.0666,0.4412,0.0549
442,eng,nld,58.0,9,21,0.244062799,19452,2077,9.365430909966298,0.133302703,0.22433854,0.1646709537183049,0.7068,0.3361,0.469,0.2402,0.8264,0.021,0.4655,0.0174
443,eng,por,61.61,5,25,0.2325071719999999,19763,2077,9.515166104959077,0.095460698,0.22433854,0.3300264383583686,0.9359,0.3797,0.4802,0.2196,0.752,0.0621,0.2917,0.0512
444,eng,lat,39.39,25,5,0.056383487,17140,2077,8.2522869523351,0.158874645,0.22433854,0.0851522062665444,0.9047,0.5403,0.5881,0.1085,0.7521,0.0794,0.3801,0.0653
445,eng,fra,64.5,2,28,0.261316544,16032,2077,7.718825228695233,0.118520741,0.22433854,0.2224895766797907,0.9386,0.3493,0.4733,0.8305,0.7116,0.0297,0.1242,0.0246
446,eng,deu,61.91,4,26,0.223103283,14613,2077,7.035628310062591,0.187631727,0.22433854,0.0267722936804593,0.6336,0.3736,0.4714,0.7957,0.7118,0.053,0.0335,0.0437
447,eng,hin,37.35,26,4,0.09722665,14963,2077,7.204140587385653,0.060393443,0.22433854,0.5340588149853859,0.9196,0.4967,0.5893,0.7976,0.6404,0.3511,0.1233,0.2707
448,eng,cat,55.12,15,15,0.213021996,14832,2077,7.1410688493018775,0.074013319,0.22433854,0.4490099072723593,0.9328,0.3436,0.4596,0.181,0.6402,0.0638,0.3012,0.0526
449,eng,ita,61.2,6,24,0.221549251,13685,2077,6.588830043331728,0.102554534,0.22433854,0.2946949768381732,0.9291,0.4569,0.5129,0.2172,0.752,0.0748,0.0937,0.0615
450,eng,fin,46.4,22,8,0.167397195,13581,2077,6.538757823784304,0.302519355,0.22433854,0.1214486267778477,1.0,0.4519,0.5424,0.0,0.8267,0.0991,0.4898,0.0812
451,eng,bul,57.37,10,20,0.127271278,10022,2077,4.82522869523351,0.201446082,0.22433854,0.0104130289031191,0.9131,0.4442,0.5075,0.3744,0.7522,0.1095,0.1992,0.0896
452,eng,slv,55.4,14,16,0.198876315,9290,2077,4.472797303803563,0.237767323,0.22433854,0.0035831544917024,0.9047,0.4348,0.534,0.225,0.6402,0.0678,0.0283,0.0559
453,eng,slk,52.41,19,11,0.176801084,9543,2077,4.594607607125662,0.261917468,0.22433854,0.0280595689850886,0.9047,0.3916,0.4602,0.4134,0.602,0.0735,0.1033,0.0605
454,eng,ron,56.29,12,18,0.187599617,8795,2077,4.234472797303804,0.167303215,0.22433854,0.0646368320565959,0.9248,0.4294,0.4771,0.3356,0.6403,0.0972,0.0247,0.0797
455,eng,hrv,54.3,17,13,0.200589735,7832,2077,3.770823302840636,0.216688845,0.22433854,0.001162734238974,0.9196,0.4502,0.536,0.4247,0.7528,0.0777,0.4247,0.0639
456,eng,ara,35.87,27,3,0.08610934,6984,2077,3.3625421280693306,0.1033986809999999,0.22433854,0.2906237736117813,1.0,0.5865,0.6278,0.4887,0.504,1.0,0.0253,0.1832
457,eng,lav,54.51,16,14,0.150023908,6475,2077,3.117477130476649,0.268650981,0.22433854,0.039016074357463,0.8767,0.4478,0.5035,0.0,0.4915,0.083,0.5091,0.0683
458,eng,heb,32.93,28,2,0.1143210069999999,5725,2077,2.7563793933558016,0.117344567,0.22433854,0.2274630460139778,1.0,0.4522,0.5473,0.7798,0.6403,0.1887,0.2331,0.1521
459,eng,ukr,57.06,11,19,0.128187759,5090,2077,2.450649975926817,0.31926283,0.22433854,0.1790387085866543,0.9047,0.4361,0.5219,0.309,0.752,0.0929,0.2306,0.0762
460,eng,ind,47.68,21,9,0.1773987889999999,5036,2077,2.4246509388541164,0.197096308,0.22433854,0.0147461143037948,1.0,0.4059,0.5158,0.813,0.6403,0.6014,0.4747,0.4185
461,eng,dan,59.87,8,22,0.180387313,4947,2077,2.381800674049109,0.203165045,0.22433854,0.0089079408191613,0.7323,0.2681,0.4433,0.3105,0.4436,0.0354,0.0447,0.0292
462,eng,swe,63.95,3,27,0.1431702259999999,4807,2077,2.3143957631198844,0.193727962,0.22433854,0.0186180967179346,0.7323,0.3198,0.4906,0.2818,0.8587,0.0676,0.3023,0.0557
463,eng,zho,41.86,24,6,0.107467325,4497,2077,2.165142031776601,0.178585916,0.22433854,0.0415933820420587,1.0,0.5438,0.6289,0.8294,0.6405,1.0,0.4554,0.3047
464,fin,ces,48.35,7,23,0.188679245,114304,1555,73.50739549839228,0.091965586,0.433011739,0.620335977423725,1.0,0.3942,0.4524,0.2189,0.499,0.0882,0.4378,0.0724
465,fin,rus,46.95,9,21,0.159450596,55398,1555,35.62572347266881,0.123916395,0.433011739,0.5095485684747457,1.0,0.3634,0.4237,0.0,0.499,0.1415,0.315,0.1151
466,fin,nor,52.94,3,27,0.197804287,34170,1555,21.974276527331188,0.106159434,0.433011739,0.5697754902019659,1.0,0.4385,0.4996,0.2863,0.7943,0.0478,0.1907,0.0394
467,fin,spa,45.0,17,13,0.1822632,31546,1555,20.286816720257235,0.0791871859999999,0.433011739,0.66769264579555,1.0,0.3143,0.366,0.6082,0.6655,0.1597,0.5168,0.1295
468,fin,kor,17.06,29,1,0.151133501,30426,1555,19.566559485530547,0.294432976,0.433011739,0.102422181137376,1.0,0.6562,0.6054,0.0,0.0067,0.3414,0.3862,0.2641
469,fin,est,63.35,1,29,0.258590371,23460,1555,15.086816720257234,0.221928097,0.433011739,0.23763467776393,0.9819,0.3362,0.3482,0.4383,0.5506,0.0298,0.0338,0.0245
470,fin,pol,44.78,18,12,0.158832755,22646,1555,14.563344051446943,0.223329008,0.433011739,0.2344908971669842,1.0,0.4058,0.4641,0.2966,0.499,0.0745,0.2235,0.0612
471,fin,nld,43.37,22,8,0.171522266,19452,1555,12.509324758842444,0.133302703,0.433011739,0.4790714973446182,1.0,0.5148,0.5372,0.2402,0.0111,0.0919,0.1309,0.0754
472,fin,por,45.26,15,15,0.180409676,19763,1555,12.709324758842444,0.095460698,0.433011739,0.6076864641213487,1.0,0.3819,0.4563,0.2196,0.499,0.1571,0.3179,0.1275
473,fin,lat,30.26,26,4,0.018867925,17140,1555,11.02250803858521,0.158874645,0.433011739,0.4008078961906041,1.0,0.4559,0.462,0.1085,0.499,0.1336,0.4084,0.1088
474,fin,fra,45.13,16,14,0.1977092339999999,16032,1555,10.309967845659164,0.118520741,0.433011739,0.5274934810326573,1.0,0.4495,0.5296,0.8305,0.3913,0.1165,0.5176,0.0952
475,fin,deu,46.68,10,20,0.172567844,14613,1555,9.39742765273312,0.187631727,0.433011739,0.3211286297306338,1.0,0.4442,0.448,0.7957,0.3914,0.0976,0.478,0.08
476,fin,hin,30.75,25,5,0.127608003,14963,1555,9.62250803858521,0.060393443,0.433011739,0.7405067307400819,1.0,0.5104,0.5326,0.7976,0.6658,0.2859,0.4344,0.2248
477,fin,cat,43.52,21,9,0.2182881039999999,14832,1555,9.538263665594856,0.074013319,0.433011739,0.6873623399778026,1.0,0.3967,0.4921,0.181,0.6651,0.145,0.3037,0.118
478,fin,ita,45.69,14,16,0.178746257,13685,1555,8.80064308681672,0.102554534,0.433011739,0.5824130666868985,1.0,0.465,0.5185,0.2172,0.499,0.1272,0.4803,0.1038
479,fin,eng,48.73,5,25,0.193051661,14545,1555,9.353697749196142,0.0961556319999999,0.433011739,0.6051868879007872,1.0,0.4519,0.5424,0.0,0.8267,0.0991,0.4898,0.0812
480,fin,bul,46.33,12,18,0.155410865,10022,1555,6.445016077170418,0.201446082,0.433011739,0.2859887572506159,1.0,0.3511,0.3625,0.3744,0.499,0.1189,0.3988,0.0971
481,fin,slv,45.76,13,17,0.1939071339999999,9290,1555,5.97427652733119,0.237767323,0.433011739,0.2033096080888712,1.0,0.3652,0.4714,0.225,0.6656,0.1079,0.4937,0.0883
482,fin,slk,43.56,20,10,0.148281926,9543,1555,6.136977491961415,0.261917468,0.433011739,0.1561246920509825,1.0,0.4044,0.4101,0.4134,0.5103,0.0923,0.4718,0.0757
483,fin,ron,43.58,19,11,0.183071147,8795,1555,5.655948553054662,0.167303215,0.433011739,0.3765404465007584,1.0,0.4217,0.4381,0.3356,0.6655,0.1021,0.4919,0.0836
484,fin,hrv,47.21,8,22,0.173280738,7832,1555,5.036655948553054,0.216688845,0.433011739,0.2495776138045938,1.0,0.467,0.4789,0.4247,0.4997,0.1119,0.136,0.0916
485,fin,ara,26.4,27,3,0.10047051,6984,1555,4.491318327974277,0.1033986809999999,0.433011739,0.5794413396981587,1.0,0.5482,0.561,0.4887,0.5611,1.0,0.4924,0.1717
486,fin,lav,55.96,2,28,0.171902476,6475,1555,4.163987138263666,0.268650981,0.433011739,0.1440777542137231,1.0,0.3499,0.3851,0.0,0.5506,0.0442,0.0668,0.0365
487,fin,heb,25.3,28,2,0.15013545,5725,1555,3.681672025723473,0.117344567,0.433011739,0.5314464354420632,1.0,0.3448,0.4993,0.7798,0.6655,0.1898,0.3865,0.1529
488,fin,ukr,46.56,11,19,0.156979231,5090,1555,3.273311897106109,0.31926283,0.433011739,0.0690073164964103,1.0,0.3015,0.3605,0.309,0.499,0.0922,0.3793,0.0756
489,fin,ind,35.31,24,6,0.1680528489999999,5036,1555,3.2385852090032152,0.197096308,0.433011739,0.2968338032539756,1.0,0.4349,0.4854,0.813,0.6657,0.5231,0.0421,0.3776
490,fin,dan,48.68,6,24,0.166817166,4947,1555,3.1813504823151124,0.203165045,0.433011739,0.2817586010554727,1.0,0.4472,0.5208,0.3105,0.5616,0.0708,0.5031,0.0582
491,fin,swe,49.96,4,26,0.158167387,4807,1555,3.0913183279742764,0.193727962,0.433011739,0.3053705630948995,1.0,0.4742,0.5262,0.2818,0.3911,0.0347,0.3063,0.0286
492,fin,zho,37.0,23,7,0.150705765,4497,1555,2.891961414790997,0.178585916,0.433011739,0.3452415322776843,1.0,0.5554,0.6374,0.8294,0.6658,1.0,0.2564,0.2377
493,bul,ces,75.85,1,29,0.157593488,114304,1116,102.42293906810036,0.091965586,0.379928771,0.5744729331125719,0.6667,0.4106,0.4469,0.1554,0.0045,0.0523,0.082,0.0432
494,bul,rus,71.42,6,24,0.442444671,55398,1116,49.63978494623656,0.123916395,0.379928771,0.4540645062852003,0.5804,0.381,0.4268,0.3744,0.0101,0.1796,0.1181,0.145
495,bul,nor,66.92,15,15,0.15689392,34170,1116,30.618279569892472,0.106159434,0.379928771,0.5192365347533118,0.8831,0.3898,0.4345,0.0881,0.7041,0.1054,0.295,0.0863
496,bul,spa,70.47,7,23,0.158293055,31546,1116,28.26702508960573,0.0791871859999999,0.379928771,0.6265887642001022,0.9248,0.2948,0.2985,0.409,0.4991,0.1089,0.3049,0.0891
497,bul,kor,16.97,29,1,0.14913508,30426,1116,27.26344086021505,0.294432976,0.379928771,0.0506390027670555,1.0,0.5371,0.523,0.3744,0.4992,0.4068,0.4232,0.3077
498,bul,est,53.3,22,8,0.157021114,23460,1116,21.021505376344088,0.221928097,0.379928771,0.1729471913931529,0.9744,0.4294,0.4363,0.2945,0.3215,0.0902,0.3803,0.0733
499,bul,pol,69.42,9,21,0.141821419,22646,1116,20.2921146953405,0.223329008,0.379928771,0.1698939193484291,0.631,0.3751,0.4105,0.0778,0.0098,0.0528,0.3131,0.0436
500,bul,nld,64.72,19,11,0.15689392,19452,1116,17.43010752688172,0.133302703,0.379928771,0.4213796832678002,0.9131,0.4536,0.4951,0.1342,0.4986,0.0886,0.3402,0.0727
501,bul,por,70.18,8,22,0.158038667,19763,1116,17.70878136200717,0.095460698,0.379928771,0.5606123956085541,0.9214,0.3512,0.4052,0.1548,0.0157,0.119,0.1133,0.0972
502,bul,lat,44.96,24,6,6.36e-05,17140,1116,15.3584229390681,0.158874645,0.379928771,0.3385266670375308,0.8831,0.3833,0.4167,0.2658,0.0049,0.0521,0.358,0.0429
503,bul,fra,69.07,11,19,0.157657085,16032,1116,14.365591397849462,0.118520741,0.379928771,0.4734057002059204,0.9248,0.5054,0.5511,0.8595,0.6071,0.0927,0.3013,0.076
504,bul,deu,65.58,17,13,0.158165861,14613,1116,13.094086021505376,0.187631727,0.379928771,0.2561774220929253,0.8934,0.3394,0.3821,0.8309,0.6073,0.0566,0.1873,0.0467
505,bul,hin,29.01,28,2,0.1330450269999999,14963,1116,13.407706093189963,0.060393443,0.379928771,0.7073484340700095,0.9014,0.4485,0.4817,0.8325,0.4994,0.2548,0.0976,0.202
506,bul,cat,68.97,12,18,0.157211905,14832,1116,13.290322580645162,0.074013319,0.379928771,0.648333499962735,0.9176,0.3943,0.457,0.1934,0.4986,0.0886,0.132,0.0728
507,bul,ita,71.8,5,25,0.156766726,13685,1116,12.262544802867383,0.102554534,0.379928771,0.5330008181074961,0.9131,0.3662,0.4189,0.1571,0.0159,0.0502,0.2541,0.0413
508,bul,eng,68.71,13,17,0.156703129,14545,1116,13.0331541218638,0.0961556319999999,0.379928771,0.5578766738619433,0.9131,0.4442,0.5075,0.3744,0.7522,0.1095,0.1992,0.0896
509,bul,fin,49.49,23,7,0.156766726,13581,1116,12.169354838709678,0.302519355,0.379928771,0.041512913688175,1.0,0.3511,0.3625,0.3744,0.499,0.1189,0.3988,0.0971
510,bul,slv,72.22,4,26,0.153586874,9290,1116,8.324372759856631,0.237767323,0.379928771,0.140010082399631,0.4788,0.3624,0.4433,0.1493,0.4992,0.0435,0.1956,0.0359
511,bul,slk,69.19,10,20,0.144238107,9543,1116,8.551075268817204,0.261917468,0.379928771,0.0964812331384171,0.631,0.2395,0.2275,0.1698,0.2089,0.0376,0.2487,0.031
512,bul,ron,73.02,2,28,0.157021114,8795,1116,7.880824372759856,0.167303215,0.379928771,0.313203465679976,0.9078,0.3463,0.3404,0.0387,0.4991,0.0171,0.1923,0.0141
513,bul,hrv,72.42,3,27,0.155113203,7832,1116,7.017921146953405,0.216688845,0.379928771,0.1846071054868492,0.5765,0.3997,0.3702,0.0503,0.0245,0.0342,0.3139,0.0283
514,bul,ara,41.71,26,4,0.1054439069999999,6984,1116,6.258064516129032,0.1033986809999999,0.379928771,0.5297615382266375,1.0,0.5195,0.5343,0.4023,0.2897,1.0,0.1932,0.0979
515,bul,lav,65.34,18,12,0.1535232769999999,6475,1116,5.801971326164875,0.268650981,0.379928771,0.0857852494056047,0.6875,0.465,0.4602,0.3744,0.3215,0.0748,0.4304,0.0616
516,bul,heb,40.84,27,3,0.153777665,5725,1116,5.129928315412187,0.117344567,0.379928771,0.4776753480830625,1.0,0.3462,0.4367,0.818,0.4991,0.081,0.0519,0.0665
517,bul,ukr,68.13,14,16,0.310862376,5090,1116,4.560931899641577,0.31926283,0.379928771,0.0254967902515171,0.631,0.3607,0.4007,0.0653,0.0118,0.0268,0.0361,0.0222
518,bul,ind,56.67,21,9,0.156130756,5036,1116,4.512544802867383,0.197096308,0.379928771,0.2315806422954218,1.0,0.4489,0.463,0.4387,0.4993,0.5066,0.3709,0.3682
519,bul,dan,66.15,16,14,0.153396082,4947,1116,4.432795698924731,0.203165045,0.379928771,0.2164621308921012,0.8934,0.4598,0.4967,0.2966,0.3797,0.0853,0.223,0.07
520,bul,swe,64.11,20,10,0.137624014,4807,1116,4.307347670250896,0.193727962,0.379928771,0.2401921234324127,0.8934,0.4614,0.5143,0.0926,0.6068,0.0949,0.1276,0.0778
521,bul,zho,41.84,25,5,0.1305647419999999,4497,1116,4.029569892473118,0.178585916,0.379928771,0.2808458944428199,1.0,0.4285,0.5135,0.8586,0.4994,1.0,0.355,0.2756
522,slv,ces,68.04,1,29,0.308193591,114304,1898,60.22339304531086,0.091965586,0.321766562,0.5100607643158581,0.631,0.3048,0.3427,0.0061,0.4992,0.0201,0.1261,0.0167
523,slv,rus,60.68,6,24,0.0890752119999999,55398,1898,29.18756585879873,0.123916395,0.321766562,0.3780863705335823,0.5319,0.4352,0.4706,0.225,0.4992,0.2038,0.2972,0.1637
524,slv,nor,56.5,8,22,0.161464387,34170,1898,18.003161222339305,0.106159434,0.321766562,0.4489980023440247,0.8718,0.4285,0.5091,0.0612,0.5636,0.078,0.4025,0.0641
525,slv,spa,54.74,14,16,0.148140462,31546,1898,16.620653319283456,0.0791871859999999,0.321766562,0.5683631711590974,0.9176,0.4395,0.5115,0.4682,0.6656,0.0717,0.127,0.059
526,slv,kor,16.5,29,1,0.083513199,30426,1898,16.030558482613277,0.294432976,0.321766562,0.0072162472340334,1.0,0.6511,0.6586,0.225,0.6658,0.4283,0.4128,0.3214
527,slv,est,51.73,20,10,0.11439482,23460,1898,12.360379346680716,0.221928097,0.321766562,0.0962750981322369,0.9766,0.3661,0.4577,0.3124,0.3074,0.0785,0.4817,0.066
528,slv,pol,58.75,7,23,0.179935248,22646,1898,11.931506849315069,0.223329008,0.321766562,0.0935922325409781,0.5903,0.3488,0.485,0.0715,0.4991,0.0341,0.4324,0.0281
529,slv,nld,52.57,18,12,0.149925286,19452,1898,10.24868282402529,0.133302703,0.321766562,0.3430633614308395,0.9047,0.3855,0.4988,0.0152,0.6653,0.0477,0.4628,0.0394
530,slv,por,52.93,17,13,0.137223975,19763,1898,10.412539515279242,0.095460698,0.321766562,0.4946634185691856,0.9139,0.3731,0.4242,0.0054,0.4993,0.0789,0.2917,0.0649
531,slv,lat,41.17,24,6,0.074298522,17140,1898,9.030558482613277,0.158874645,0.321766562,0.256281494724265,0.8718,0.4172,0.4375,0.1165,0.4992,0.0259,0.3607,0.0214
532,slv,fra,54.02,15,15,0.147766894,16032,1898,8.446786090621707,0.118520741,0.321766562,0.398989465324629,0.9176,0.5117,0.5642,0.8412,0.7312,0.0492,0.1227,0.0406
533,slv,deu,55.1,12,18,0.132741159,14613,1898,7.6991570073761855,0.187631727,0.321766562,0.1737806184039699,0.8831,0.4298,0.4916,0.8087,0.3914,0.0159,0.0582,0.0131
534,slv,hin,30.78,27,3,0.07807571,14963,1898,7.883561643835616,0.060393443,0.321766562,0.6598420983791251,0.8919,0.3985,0.4667,0.8105,0.0048,0.2962,0.1304,0.2322
535,slv,cat,53.03,16,14,0.1412087,14832,1898,7.8145416227608,0.074013319,0.321766562,0.5928664513092208,0.9097,0.3943,0.4106,0.044,0.017,0.0514,0.3033,0.0425
536,slv,ita,55.92,9,21,0.1763655989999999,13685,1898,7.210221285563751,0.102554534,0.321766562,0.4641377999779357,0.9047,0.4156,0.4613,0.0078,0.4993,0.0197,0.1191,0.0163
537,slv,eng,55.85,10,20,0.148431014,14545,1898,7.663329820864067,0.0961556319999999,0.321766562,0.4916300846559093,0.9047,0.4348,0.534,0.225,0.6402,0.0678,0.0283,0.0559
538,slv,fin,47.84,22,8,0.128507388,13581,1898,7.155426765015807,0.302519355,0.321766562,0.0035781093907703,1.0,0.3652,0.4714,0.225,0.6656,0.1079,0.4937,0.0883
539,slv,bul,62.25,4,26,0.083388677,10022,1898,5.280295047418335,0.201446082,0.321766562,0.1398290126977033,0.4788,0.3624,0.4433,0.1493,0.4992,0.0435,0.1956,0.0359
540,slv,slk,63.35,3,27,0.235555371,9543,1898,5.027924130663857,0.261917468,0.321766562,0.0345965936319616,0.5903,0.361,0.4367,0.2297,0.3265,0.0197,0.1298,0.0163
541,slv,ron,55.03,13,17,0.1264320109999999,8795,1898,4.633825079030559,0.167303215,0.321766562,0.2304459404081643,0.8989,0.4583,0.4938,0.1106,0.005,0.0362,0.0056,0.0299
542,slv,hrv,65.51,2,28,0.374647186,7832,1898,4.1264488935721815,0.216688845,0.321766562,0.1066447391729252,0.359,0.4479,0.5177,0.1997,0.4997,0.0099,0.4322,0.0082
543,slv,ara,33.07,26,4,0.046280923,6984,1898,3.679662802950474,0.1033986809999999,0.321766562,0.4605700563873497,1.0,0.6053,0.6062,0.4044,0.3412,1.0,0.0043,0.1317
544,slv,lav,52.31,19,11,0.126348996,6475,1898,3.4114857744994733,0.268650981,0.321766562,0.0272497205112233,0.6545,0.3567,0.3826,0.225,0.2984,0.0672,0.5108,0.0554
545,slv,heb,30.12,28,2,0.0811887759999999,5725,1898,3.0163329820864067,0.117344567,0.321766562,0.4036206935260771,1.0,0.4266,0.5345,0.7939,0.0043,0.1209,0.2251,0.0988
546,slv,ukr,61.72,5,25,0.087290387,5090,1898,2.6817702845100104,0.31926283,0.321766562,6.054717151393151e-05,0.5903,0.3026,0.3558,0.084,0.4992,0.0378,0.226,0.0312
547,slv,ind,42.99,23,7,0.098414411,5036,1898,2.6533192834562698,0.197096308,0.321766562,0.1501218363367819,1.0,0.4642,0.5658,0.588,0.0035,0.5483,0.4786,0.3914
548,slv,dan,50.87,21,9,0.111157231,4947,1898,2.6064278187565857,0.203165045,0.321766562,0.1358622077663447,0.8831,0.4235,0.4474,0.2437,0.2943,0.0515,0.0314,0.0424
549,slv,swe,55.79,11,19,0.0981653659999999,4807,1898,2.5326659641728133,0.193727962,0.321766562,0.1583434172291881,0.8831,0.4882,0.5722,0.0567,0.731,0.0757,0.3029,0.0623
550,slv,zho,35.54,25,5,0.077951187,4497,1898,2.369336143308746,0.178585916,0.321766562,0.1980098590638468,1.0,0.5141,0.597,0.8402,0.0067,1.0,0.4437,0.2921
551,slk,ces,87.98,1,29,0.485108996,114304,1061,107.73232799245994,0.091965586,0.464307645,0.6430911350608838,0.2677,0.4066,0.4495,0.2338,0.2088,0.0153,0.1781,0.0126
552,slk,rus,73.86,4,26,0.15950261,55398,1061,52.21300659754948,0.123916395,0.464307645,0.5374587111246487,0.5319,0.4111,0.4523,0.4134,0.2093,0.1843,0.3265,0.1487
553,slk,nor,57.41,19,11,0.196806877,34170,1061,32.205466540999055,0.106159434,0.464307645,0.5949958042115601,0.8718,0.3124,0.37,0.1941,0.5733,0.0696,0.3598,0.0573
554,slk,spa,61.35,10,20,0.2200644769999999,31546,1061,29.732327992459943,0.0791871859999999,0.464307645,0.6879890276670428,0.9176,0.3608,0.3551,0.2462,0.4802,0.0904,0.1483,0.0742
555,slk,kor,19.86,29,1,0.15128953,30426,1061,28.676720075400567,0.294432976,0.464307645,0.1338583840773104,1.0,0.4589,0.4599,0.4134,0.5105,0.4085,0.4717,0.3089
556,slk,est,57.16,20,10,0.189361375,23460,1061,22.11121583411876,0.221928097,0.464307645,0.2725086381689973,0.9766,0.393,0.4024,0.1292,0.1252,0.0625,0.4573,0.0523
557,slk,pol,73.28,5,25,0.257291986,22646,1061,21.344015080113103,0.223329008,0.464307645,0.2693676380455534,0.4097,0.3936,0.4273,0.1894,0.209,0.0183,0.4743,0.0151
558,slk,nld,60.48,12,18,0.195809027,19452,1061,18.333647502356268,0.133302703,0.464307645,0.5082264771877633,0.9047,0.3868,0.4664,0.2198,0.5102,0.0525,0.4762,0.0433
559,slk,por,59.71,14,16,0.2093951489999999,19763,1061,18.626767200754006,0.095460698,0.464307645,0.6310746238240643,0.9139,0.367,0.4415,0.2333,0.21,0.0963,0.3172,0.079
560,slk,lat,45.06,24,6,0.035769113,17140,1061,16.154571159283694,0.158874645,0.464307645,0.4327332302949891,0.8718,0.4051,0.4478,0.3188,0.2091,0.0444,0.4404,0.0366
561,slk,fra,59.62,16,14,0.232038686,16032,1061,15.110273327049953,0.118520741,0.464307645,0.5546326261838536,0.9176,0.4698,0.5256,0.6931,0.5899,0.062,0.1518,0.0511
562,slk,deu,59.76,13,17,0.1858305189999999,14613,1061,13.772855796418472,0.187631727,0.464307645,0.3550839563029296,0.8831,0.2754,0.327,0.6658,0.4768,0.0232,0.0863,0.0192
563,slk,hin,31.58,28,2,0.136321768,14963,1061,14.10273327049953,0.060393443,0.464307645,0.7567746539887527,0.8919,0.4052,0.4389,0.6673,0.3266,0.2819,0.1609,0.2219
564,slk,cat,60.8,11,19,0.198111759,14832,1061,13.979264844486334,0.074013319,0.464307645,0.7065986546867244,0.9097,0.3685,0.4479,0.261,0.3265,0.0705,0.3182,0.058
565,slk,ita,64.53,9,21,0.207936752,13685,1061,12.898209236569274,0.102554534,0.464307645,0.6070338093364069,0.9047,0.3873,0.4554,0.2349,0.2101,0.0387,0.0206,0.0319
566,slk,eng,57.99,17,13,0.208857845,14545,1061,13.708765315739868,0.0961556319999999,0.464307645,0.6286988846101719,0.9047,0.3916,0.4602,0.4134,0.602,0.0735,0.1033,0.0605
567,slk,fin,52.6,22,8,0.166487565,13581,1061,12.80018850141376,0.302519355,0.464307645,0.1214178394249579,1.0,0.4044,0.4101,0.4134,0.5103,0.0923,0.4718,0.0757
568,slk,bul,72.25,7,23,0.15059871,10022,1061,9.445805843543829,0.201446082,0.464307645,0.3205106779176552,0.631,0.2395,0.2275,0.1698,0.2089,0.0376,0.2487,0.031
569,slk,slv,74.57,2,28,0.295210316,9290,1061,8.755890669180019,0.237767323,0.464307645,0.2380561238137825,0.5903,0.361,0.4367,0.2297,0.3265,0.0197,0.1298,0.0163
570,slk,ron,65.3,8,22,0.209548664,8795,1061,8.289349670122526,0.167303215,0.464307645,0.4091797994659021,0.8989,0.3694,0.3508,0.1757,0.3264,0.0237,0.1269,0.0196
571,slk,hrv,74.5,3,27,0.29474977,7832,1061,7.381715362865221,0.216688845,0.464307645,0.2844170058279311,0.6614,0.2284,0.2275,0.1749,0.2093,0.02,0.4036,0.0166
572,slk,ara,40.38,25,5,0.119972367,6984,1061,6.582469368520264,0.1033986809999999,0.464307645,0.6042041009885217,1.0,0.5615,0.555,0.2375,0.113,1.0,0.1274,0.1272
573,slk,lav,55.18,21,9,0.163340497,6475,1061,6.102733270499529,0.268650981,0.464307645,0.1775732812282368,0.6545,0.4329,0.4213,0.4134,0.1222,0.0496,0.4953,0.041
574,slk,heb,37.86,27,3,0.146146761,5725,1061,5.395852968897267,0.117344567,0.464307645,0.5584121442787517,1.0,0.3861,0.4578,0.6535,0.3264,0.1186,0.2893,0.0969
575,slk,ukr,73.02,6,24,0.152978201,5090,1061,4.797360980207351,0.31926283,0.464307645,0.0975871753980592,0.5903,0.3971,0.4414,0.1842,0.2096,0.0208,0.2781,0.0172
576,slk,ind,48.92,23,7,0.177540682,5036,1061,4.746465598491989,0.197096308,0.464307645,0.3312059201552811,1.0,0.4118,0.4239,0.4585,0.3266,0.5339,0.4601,0.3835
577,slk,dan,59.64,15,15,0.157813939,4947,1061,4.6625824693685205,0.203165045,0.464307645,0.3163324743365296,0.8831,0.4023,0.4606,0.1877,0.1817,0.0477,0.1313,0.0393
578,slk,swe,57.6,18,12,0.152210623,4807,1061,4.530631479736098,0.193727962,0.464307645,0.3396086146419917,0.8831,0.3951,0.4849,0.1963,0.6033,0.0627,0.3243,0.0516
579,slk,zho,40.19,26,4,0.152978201,4497,1061,4.238454288407163,0.178585916,0.464307645,0.3786821811808367,1.0,0.446,0.5308,0.6922,0.3266,1.0,0.4939,0.279
580,ron,ces,58.58,7,23,0.22941681,114304,729,156.79561042524006,0.091965586,0.352548395,0.5463287292486004,0.9078,0.5253,0.5447,0.1167,0.4991,0.0389,0.1218,0.0321
581,ron,rus,54.06,13,17,0.144327371,55398,729,75.9917695473251,0.123916395,0.352548395,0.4205683117715694,0.8869,0.4832,0.5117,0.3356,0.4991,0.1729,0.2941,0.1398
582,ron,nor,51.19,17,13,0.2343788289999999,34170,729,46.8724279835391,0.106159434,0.352548395,0.4884330113714571,0.8989,0.3338,0.3682,0.0494,0.5636,0.0888,0.399,0.0729
583,ron,spa,61.47,3,27,0.302621906,31546,729,43.27297668038409,0.0791871859999999,0.352548395,0.601223973302968,0.5804,0.2941,0.3247,0.4207,0.6656,0.1069,0.1304,0.0875
584,ron,kor,12.72,29,1,0.138875276,30426,729,41.73662551440329,0.294432976,0.352548395,0.0271734801605527,1.0,0.6077,0.6035,0.3356,0.6657,0.3995,0.4157,0.3029
585,ron,est,38.29,25,5,0.163991669,23460,729,32.181069958847736,0.221928097,0.352548395,0.1372725991357709,0.9705,0.4595,0.4673,0.2925,0.3074,0.0732,0.4796,0.0596
586,ron,pol,52.61,15,15,0.16503308,22646,729,31.064471879286693,0.223329008,0.352548395,0.1343438744842952,0.8989,0.472,0.4948,0.0391,0.4991,0.0365,0.4318,0.0301
587,ron,nld,50.09,18,12,0.216981132,19452,729,26.68312757201646,0.133302703,0.352548395,0.3867449517171671,0.9248,0.4788,0.5165,0.0954,0.6653,0.0761,0.4614,0.0626
588,ron,por,60.74,4,26,0.269970595,19763,729,27.10973936899863,0.095460698,0.352548395,0.5317715565113051,0.5582,0.3807,0.4293,0.116,0.4992,0.115,0.2885,0.094
589,ron,lat,42.37,24,6,0.0962386669999999,17140,729,23.511659807956104,0.158874645,0.352548395,0.3017894402637757,0.4196,0.4553,0.4834,0.2271,0.499,0.0531,0.3636,0.0437
590,ron,fra,62.13,2,28,0.284489096,16032,729,21.991769547325102,0.118520741,0.352548395,0.4406531453458268,0.5804,0.4471,0.5277,0.854,0.7311,0.0841,0.1263,0.069
591,ron,deu,48.95,20,10,0.174589561,14613,729,20.045267489711936,0.187631727,0.352548395,0.2188223207109912,0.9078,0.4321,0.4239,0.8242,0.3914,0.0458,0.0533,0.0378
592,ron,hin,22.07,28,2,0.1234991419999999,14963,729,20.52537722908093,0.060393443,0.352548395,0.6867347439468384,0.9147,0.5606,0.5431,0.8259,0.0071,0.2602,0.1255,0.2059
593,ron,cat,59.34,6,24,0.29980397,14832,729,20.34567901234568,0.074013319,0.352548395,0.6241979008696219,0.5319,0.3527,0.3979,0.1547,0.0149,0.0864,0.2998,0.071
594,ron,ita,63.47,1,29,0.263722127,13685,729,18.77229080932785,0.102554534,0.352548395,0.5028300271922674,0.5,0.3458,0.4101,0.1184,0.4992,0.0493,0.1169,0.0406
595,ron,eng,54.57,12,18,0.201298701,14545,729,19.9519890260631,0.0961556319999999,0.352548395,0.5289005776281959,0.9248,0.4294,0.4771,0.3356,0.6403,0.0972,0.0247,0.0797
596,ron,fin,35.29,26,4,0.168034795,13581,729,18.62962962962963,0.302519355,0.352548395,0.0201375603505539,1.0,0.4217,0.4381,0.3356,0.6655,0.1021,0.4919,0.0836
597,ron,bul,59.41,5,25,0.136608674,10022,729,13.747599451303156,0.201446082,0.352548395,0.1836981323963765,0.9078,0.3463,0.3404,0.0387,0.4991,0.0171,0.1923,0.0141
598,ron,slv,58.35,8,22,0.180225435,9290,729,12.743484224965709,0.237767323,0.352548395,0.1059993175888018,0.8989,0.4583,0.4938,0.1106,0.005,0.0362,0.0056,0.0299
599,ron,slk,56.84,10,20,0.1617863269999999,9543,729,13.090534979423868,0.261917468,0.352548395,0.0660868969565487,0.8989,0.3694,0.3508,0.1757,0.3264,0.0237,0.1269,0.0196
600,ron,hrv,56.97,9,21,0.195724087,7832,729,10.743484224965709,0.216688845,0.352548395,0.1485056099266752,0.9147,0.4389,0.4278,0.0891,0.4997,0.0294,0.4292,0.0243
601,ron,ara,46.58,21,9,0.086927224,6984,729,9.580246913580249,0.1033986809999999,0.352548395,0.4994399773546525,1.0,0.4687,0.5143,0.3982,0.3413,1.0,0.0013,0.1087
602,ron,lav,44.95,22,8,0.154680225,6475,729,8.882030178326474,0.268650981,0.352548395,0.0566317087125493,0.8691,0.4716,0.478,0.3356,0.2984,0.0579999999999999,0.5097,0.0478
603,ron,heb,43.87,23,7,0.133116883,5725,729,7.8532235939643344,0.117344567,0.352548395,0.4450935365481518,1.0,0.3118,0.39,0.8107,0.0009,0.0967,0.2227,0.0792
604,ron,ukr,56.74,11,19,0.138875276,5090,729,6.982167352537723,0.31926283,0.352548395,0.0089140359795033,0.8989,0.4535,0.4816,0.0266,0.4991,0.0099,0.2231,0.0082
605,ron,ind,52.0,16,14,0.166074492,5036,729,6.908093278463649,0.197096308,0.352548395,0.1944265770050751,1.0,0.4493,0.4367,0.4774,0.0055,0.5123,0.4765,0.3714
606,ron,dan,52.62,14,16,0.190762068,4947,729,6.7860082304526745,0.203165045,0.352548395,0.1795423499867508,0.9078,0.3999,0.449,0.2766,0.2941,0.0702,0.036,0.0577
607,ron,swe,49.01,19,11,0.184391081,4807,729,6.593964334705076,0.193727962,0.352548395,0.2029435568699906,0.9078,0.409,0.4776,0.0539,0.7309,0.0778,0.2996,0.0639
608,ron,zho,27.94,27,3,0.137711345,4497,729,6.168724279835391,0.178585916,0.352548395,0.2434858300033944,1.0,0.5113,0.5374,0.853,0.007,1.0,0.4442,0.2715
609,hrv,ces,70.42,2,28,0.330845347,114304,1057,108.14001892147589,0.091965586,0.350038386,0.5435670493352902,0.6936,0.4908,0.5231,0.2058,0.0221,0.0267,0.3543,0.0221
610,hrv,rus,66.71,4,26,0.1290625269999999,55398,1057,52.41059602649007,0.123916395,0.350038386,0.4173056417375989,0.6162,0.5019,0.5344,0.4247,0.0317,0.2005,0.2248,0.1612
611,hrv,nor,54.77,15,15,0.201526913,34170,1057,32.327341532639544,0.106159434,0.350038386,0.4854195852409835,0.8919,0.3736,0.4386,0.1384,0.7044,0.0853,0.0683,0.0701
612,hrv,spa,56.84,11,19,0.1960675589999999,31546,1057,29.84484389782403,0.0791871859999999,0.350038386,0.5987288464928247,0.9304,0.4291,0.4214,0.3981,0.4997,0.0776,0.4806,0.0638
613,hrv,kor,17.44,29,1,0.12599164,30426,1057,28.785241248817407,0.294432976,0.350038386,0.0252349674731572,1.0,0.5512,0.5396,0.4247,0.4996,0.4261,0.4485,0.3201
614,hrv,est,49.07,21,9,0.155250363,23460,1057,22.19489120151372,0.221928097,0.350038386,0.13394813662916,0.9724,0.4405,0.4706,0.304,0.3226,0.0822,0.1037,0.0686
615,hrv,pol,59.72,7,23,0.216923996,22646,1057,21.424787133396404,0.223329008,0.350038386,0.1310346559400591,0.6614,0.5016,0.5229,0.1282,0.0259,0.0375,0.2478,0.031
616,hrv,nld,57.21,10,20,0.176192101,19452,1057,18.40302743614001,0.133302703,0.350038386,0.3833800344683232,0.9196,0.4728,0.5229,0.1845,0.4999,0.0574,0.168,0.0474
617,hrv,por,55.4,14,16,0.170647445,19763,1057,18.69725638599811,0.095460698,0.350038386,0.5289435561542235,0.9273,0.4554,0.5028,0.2051,0.0397,0.0861,0.2235,0.0707
618,hrv,lat,39.76,23,7,0.032244306,17140,1057,16.21570482497635,0.158874645,0.350038386,0.2982494809016099,0.8919,0.533,0.5487,0.3162,0.0286,0.0254,0.4436,0.021
619,hrv,fra,56.06,12,18,0.17329182,16032,1057,15.167455061494795,0.118520741,0.350038386,0.4374584873853859,0.9304,0.4991,0.5576,0.8675,0.6077,0.0586,0.4813,0.0483
620,hrv,deu,55.82,13,17,0.150771987,14613,1057,13.824976348155156,0.187631727,0.350038386,0.215266435250465,0.9014,0.4021,0.4415,0.8406,0.6077,0.0253,0.4063,0.0209
621,hrv,hin,27.55,28,2,0.106073531,14963,1057,14.156102175969725,0.060393443,0.350038386,0.6847003588652635,0.9087,0.5033,0.5342,0.8421,0.4997,0.2881,0.3471,0.2264
622,hrv,cat,54.53,16,14,0.192911371,14832,1057,14.032166508987702,0.074013319,0.350038386,0.6218214549326658,0.9237,0.4529,0.5142,0.2437,0.5,0.057,0.2025,0.0471
623,hrv,ita,58.39,8,22,0.219696323,13685,1057,12.947019867549669,0.102554534,0.350038386,0.4998761183095817,0.9196,0.4926,0.5329,0.2075,0.0401,0.0205,0.4159,0.0169
624,hrv,eng,52.29,18,12,0.165358697,14545,1057,13.760643330179754,0.0961556319999999,0.350038386,0.5260597279459718,0.9196,0.4502,0.536,0.4247,0.7528,0.0777,0.4247,0.0639
625,hrv,fin,46.69,22,8,0.154738548,13581,1057,12.848628192999056,0.302519355,0.350038386,0.0184290864227427,1.0,0.467,0.4789,0.4247,0.4997,0.1119,0.136,0.0916
626,hrv,bul,63.85,5,25,0.125778384,10022,1057,9.48155156102176,0.201446082,0.350038386,0.1802026976324614,0.5765,0.3997,0.3702,0.0503,0.0245,0.0342,0.3139,0.0283
627,hrv,slv,70.94,1,29,0.3753731979999999,9290,1057,8.789025543992432,0.237767323,0.350038386,0.102873691419624,0.359,0.4479,0.5177,0.1997,0.4997,0.0099,0.4322,0.0082
628,hrv,slk,62.9,6,24,0.2100998039999999,9543,1057,9.028382213812677,0.261917468,0.350038386,0.0633762707159947,0.6614,0.2284,0.2275,0.1749,0.2093,0.02,0.4036,0.0166
629,hrv,ron,57.69,9,21,0.1750405189999999,8795,1057,8.320719016083254,0.167303215,0.350038386,0.2725291380113261,0.9147,0.4389,0.4278,0.0891,0.4997,0.0294,0.4292,0.0243
630,hrv,ara,35.54,25,5,0.079117973,6984,1057,6.607379375591296,0.1033986809999999,0.350038386,0.4964718616549075,1.0,0.6321,0.6301,0.4124,0.2894,1.0,0.43,0.124
631,hrv,lav,50.7,20,10,0.145355284,6475,1057,6.125827814569536,0.268650981,0.350038386,0.0540608733591575,0.7125,0.4864,0.4927,0.4247,0.3226,0.0696,0.1978,0.0574
632,hrv,heb,30.54,27,3,0.123645824,5725,1057,5.416272469252601,0.117344567,0.350038386,0.4419145993141529,1.0,0.4786,0.5324,0.8284,0.4997,0.1111,0.3114,0.0909
633,hrv,ukr,66.8,3,27,0.122025079,5090,1057,4.815515610217597,0.31926283,0.350038386,0.0077300173763768,0.6614,0.4938,0.5229,0.1157,0.0353,0.0332,0.2961,0.0274
634,hrv,ind,38.66,24,6,0.14091956,5036,1057,4.764427625354777,0.197096308,0.350038386,0.1909073405978421,1.0,0.4176,0.4447,0.3883,0.4997,0.5402,0.1026,0.3869
635,hrv,dan,54.31,17,13,0.1726094,4947,1057,4.680227057710502,0.203165045,0.350038386,0.1760575292739679,0.9014,0.4558,0.5078,0.3274,0.3815,0.0599,0.448,0.0493
636,hrv,swe,52.21,19,11,0.1454405869999999,4807,1057,4.547776726584674,0.193727962,0.350038386,0.1994088995936318,0.9014,0.4537,0.5139,0.1429,0.6077,0.0811,0.2102,0.0667
637,hrv,zho,33.22,26,4,0.110978418,4497,1057,4.2544938505203405,0.178585916,0.350038386,0.2399143066954041,1.0,0.5234,0.5773,0.8666,0.4997,1.0,0.3076,0.2901
638,ara,ces,49.71,1,29,0.057564393,114304,680,168.09411764705882,0.091965586,0.231955845,0.3642377820170319,1.0,0.6512,0.6337,0.4055,0.2895,1.0,0.1229,0.1391
639,ara,rus,41.73,4,26,0.055972262,55398,680,81.46764705882353,0.123916395,0.231955845,0.2169472192813832,1.0,0.6325,0.6349,0.4887,0.2899,1.0,0.2949,0.1491
640,ara,nor,29.86,20,10,0.067187942,34170,680,50.25,0.106159434,0.231955845,0.2941208823601394,1.0,0.5536,0.5952,0.3977,0.5447,1.0,0.3998,0.1751
641,ara,spa,37.66,8,22,0.068497028,31546,680,46.39117647058824,0.0791871859999999,0.231955845,0.4337683809981438,1.0,0.5106,0.5418,0.1578,0.4256,1.0,0.1295,0.1725
642,ara,kor,6.62,29,1,0.049391452,30426,680,44.74411764705882,0.294432976,0.231955845,0.0725490141004371,1.0,0.8075,0.793,0.4887,0.5612,1.0,0.4151,0.2926
643,ara,est,21.66,26,4,0.053743278,23460,680,34.5,0.221928097,0.231955845,0.0018689435395625,0.9744,0.6136,0.6093,0.1085,0.0646,1.0,0.4802,0.1526
644,ara,pol,34.65,15,15,0.0413246529999999,22646,680,33.30294117647059,0.223329008,0.231955845,0.0013832240879942,1.0,0.6207,0.6378,0.3974,0.2895,1.0,0.4321,0.1368
645,ara,nld,30.07,18,12,0.065666572,19452,680,28.605882352941176,0.133302703,0.231955845,0.1808886018319599,1.0,0.6381,0.6777,0.402,0.5611,1.0,0.4618,0.1673
646,ara,por,37.24,10,20,0.068673932,19763,680,29.063235294117646,0.095460698,0.231955845,0.3462771064410333,1.0,0.5496,0.5992,0.4054,0.2907,1.0,0.2893,0.1826
647,ara,lat,29.9,19,11,0.0,17140,680,25.205882352941178,0.158874645,0.231955845,0.0992660403276888,1.0,0.5915,0.5831,0.4377,0.2898,1.0,0.363,0.1307
648,ara,fra,35.77,14,16,0.068426267,16032,680,23.576470588235296,0.118520741,0.231955845,0.2391576656572363,1.0,0.6148,0.6764,0.4572,0.6069,1.0,0.1254,0.169
649,ara,deu,25.31,22,8,0.056786018,14613,680,21.48970588235294,0.187631727,0.231955845,0.0365148535724775,1.0,0.6341,0.6416,0.4289,0.5043,1.0,0.0543,0.1426
650,ara,hin,12.93,27,3,0.03707897,14963,680,22.00441176470588,0.060393443,0.231955845,0.5470582788288075,1.0,0.6906,0.6762,0.4305,0.3412,1.0,0.1267,0.1337
651,ara,cat,38.15,7,23,0.055229267,14832,680,21.81176470588236,0.074013319,0.231955845,0.4636470678384878,1.0,0.5521,0.6193,0.414,0.3417,1.0,0.3007,0.159
652,ara,ita,37.41,9,21,0.0615270309999999,13685,680,20.125,0.102554534,0.231955845,0.311219435951464,1.0,0.5631,0.6134,0.4058,0.2908,1.0,0.1172,0.1318
653,ara,eng,27.82,21,9,0.054167846,14545,680,21.389705882352946,0.0961556319999999,0.231955845,0.3427601000313423,1.0,0.5865,0.6278,0.4887,0.504,1.0,0.0253,0.1832
654,ara,fin,21.97,25,5,0.053212567,13581,680,19.97205882352941,0.302519355,0.231955845,0.0925443074364039,1.0,0.5482,0.561,0.4887,0.5611,1.0,0.4924,0.1717
655,ara,bul,36.74,11,19,0.05183272,10022,680,14.738235294117649,0.201446082,0.231955845,0.0173008335069519,1.0,0.5195,0.5343,0.4023,0.2897,1.0,0.1932,0.0979
656,ara,slv,41.77,3,27,0.059156524,9290,680,13.661764705882351,0.237767323,0.231955845,0.0006277150694258,1.0,0.6053,0.6062,0.4044,0.3412,1.0,0.0043,0.1317
657,ara,slk,36.41,12,18,0.043447495,9543,680,14.033823529411764,0.261917468,0.231955845,0.0166847624915204,1.0,0.5615,0.555,0.2375,0.113,1.0,0.1274,0.1272
658,ara,ron,44.12,2,28,0.055052363,8795,680,12.933823529411764,0.167303215,0.231955845,0.0776893970831035,1.0,0.4687,0.5143,0.3982,0.3413,1.0,0.0013,0.1087
659,ara,hrv,40.84,6,24,0.0532479479999999,7832,680,11.51764705882353,0.216688845,0.231955845,0.0043320830098846,1.0,0.6321,0.6301,0.4124,0.2894,1.0,0.43,0.124
660,ara,lav,24.78,24,6,0.052504953,6475,680,9.522058823529411,0.268650981,0.231955845,0.025026859868597,1.0,0.6425,0.6481,0.4887,0.0659,1.0,0.51,0.1437
661,ara,heb,36.26,13,17,0.049745259,5725,680,8.419117647058824,0.117344567,0.231955845,0.2441428832613242,0.5765,0.4839,0.487,0.4163,0.3413,1.0,0.2234,0.038
662,ara,ukr,41.21,5,25,0.062022361,5090,680,7.485294117647059,0.31926283,0.231955845,0.1416730815312107,1.0,0.595,0.5806,0.3973,0.2903,1.0,0.2238,0.1139
663,ara,ind,34.44,16,14,0.054415511,5036,680,7.405882352941177,0.197096308,0.231955845,0.0225856496879439,1.0,0.5907,0.6268,0.6158,0.3412,1.0,0.477,0.3053
664,ara,dan,33.94,17,13,0.047197849,4947,680,7.275,0.203165045,0.231955845,0.0154062458482356,1.0,0.5544,0.6235,0.1809,0.1188,1.0,0.0348,0.1635
665,ara,swe,25.0,23,7,0.04319983,4807,680,7.069117647058824,0.193727962,0.231955845,0.0271612563792018,1.0,0.5647,0.6493,0.3979,0.6404,1.0,0.3005,0.1632
666,ara,zho,12.24,28,2,0.0440135859999999,4497,680,6.613235294117647,0.178585916,0.231955845,0.0529398380911445,1.0,0.7291,0.7778,0.4562,0.3413,1.0,0.4441,0.2567
667,lav,ces,50.77,7,23,0.242022159,114304,1228,93.0814332247557,0.091965586,0.378358655,0.5729512363201426,0.6875,0.3536,0.3832,0.2189,0.3214,0.0491,0.4674,0.0407
668,lav,rus,52.62,4,26,0.209381012,55398,1228,45.11237785016287,0.123916395,0.378358655,0.4522422601264165,0.6082,0.4895,0.4885,0.0,0.3213,0.1495,0.3535,0.1216
669,lav,nor,53.77,2,28,0.251442978,34170,1228,27.8257328990228,0.106159434,0.378358655,0.5175667998422029,0.8337,0.4439,0.4882,0.2863,0.5122,0.0451,0.2494,0.0373
670,lav,spa,43.11,21,9,0.275194056,31546,1228,25.688925081433226,0.0791871859999999,0.378358655,0.6252202013229272,0.8934,0.4395,0.4592,0.6082,0.4718,0.129,0.5212,0.1053
671,lav,kor,17.37,29,1,0.19850063,30426,1228,24.77687296416938,0.294432976,0.378358655,0.0492019574716862,1.0,0.6758,0.6254,0.0,0.5508,0.3666,0.3462,0.2813
672,lav,est,57.89,1,29,0.241823127,23460,1228,19.104234527687296,0.221928097,0.378358655,0.1709369076403043,0.9819,0.3728,0.3812,0.4383,0.0118,0.0157,0.0998,0.012
673,lav,pol,46.29,15,15,0.215617329,22646,1228,18.44136807817589,0.223329008,0.378358655,0.1678889721942701,0.6545,0.4333,0.494,0.2966,0.3213,0.0332,0.2228,0.0275
674,lav,nld,45.25,18,12,0.223578584,19452,1228,15.840390879478829,0.133302703,0.378358655,0.4194914993343706,0.8767,0.4531,0.5306,0.2402,0.5502,0.0676,0.1469,0.0558
675,lav,por,45.77,16,14,0.235454123,19763,1228,16.093648208469055,0.095460698,0.378358655,0.5590520912082644,0.8886,0.3851,0.4459,0.2196,0.3216,0.1301,0.3578,0.1062
676,lav,lat,30.98,26,4,0.015325416,17140,1228,13.957654723127035,0.158874645,0.378358655,0.3365103501634917,0.8337,0.4963,0.4772,0.1085,0.3214,0.093,0.3813,0.0764
677,lav,fra,44.92,19,11,0.254229417,16032,1228,13.055374592833877,0.118520741,0.378358655,0.4716259533904734,0.8934,0.514,0.5499,0.8305,0.587,0.0895,0.5218,0.0735
678,lav,deu,46.92,14,16,0.227957275,14613,1228,11.899837133550488,0.187631727,0.378358655,0.2541070308031077,0.8485,0.4454,0.4753,0.7957,0.4578,0.0602,0.5014,0.0497
679,lav,hin,30.0,27,3,0.1752139589999999,14963,1228,12.18485342019544,0.060393443,0.378358655,0.7062392796402414,0.86,0.5036,0.5038,0.7976,0.2987,0.273,0.4661,0.2155
680,lav,cat,42.55,22,8,0.2582100439999999,14832,1228,12.078175895765472,0.074013319,0.378358655,0.6470322913827672,0.8831,0.3844,0.4329,0.181,0.2981,0.1114,0.3469,0.0912
681,lav,ita,45.56,17,13,0.250912227,13685,1228,11.14413680781759,0.102554534,0.378358655,0.5313664819814029,0.8767,0.4683,0.5085,0.2172,0.3216,0.0869,0.5015,0.0714
682,lav,eng,49.31,8,22,0.232866715,14545,1228,11.844462540716613,0.0961556319999999,0.378358655,0.556308860871996,0.8767,0.4478,0.5035,0.0,0.4915,0.083,0.5091,0.0683
683,lav,fin,53.38,3,27,0.2312744639999999,13581,1228,11.05944625407166,0.302519355,0.378358655,0.0401773497520002,1.0,0.3499,0.3851,0.0,0.5506,0.0442,0.0668,0.0365
684,lav,bul,49.2,9,21,0.207855105,10022,1228,8.161237785016286,0.201446082,0.378358655,0.218630149550306,0.6875,0.465,0.4602,0.3744,0.3215,0.0748,0.4304,0.0616
685,lav,slv,46.94,12,18,0.250514164,9290,1228,7.56514657980456,0.237767323,0.378358655,0.1380733128661685,0.6545,0.3567,0.3826,0.225,0.2984,0.0672,0.5108,0.0554
686,lav,slk,46.93,13,17,0.219996019,9543,1228,7.771172638436482,0.261917468,0.378358655,0.0947121950747396,0.6545,0.4329,0.4213,0.4134,0.1222,0.0496,0.4953,0.041
687,lav,ron,44.19,20,10,0.258276388,8795,1228,7.162052117263844,0.167303215,0.378358655,0.3111614276535586,0.8691,0.4716,0.478,0.3356,0.2984,0.0579999999999999,0.5097,0.0478
688,lav,hrv,47.91,10,20,0.255091886,7832,1228,6.37785016286645,0.216688845,0.378358655,0.1825788679267339,0.7125,0.4864,0.4927,0.4247,0.3226,0.0696,0.1978,0.0574
689,lav,ara,27.15,28,2,0.117959265,6984,1228,5.687296416938111,0.1033986809999999,0.378358655,0.528118778612798,1.0,0.6425,0.6481,0.4887,0.0659,1.0,0.51,0.1437
690,lav,heb,32.76,25,5,0.204869634,5725,1228,4.662052117263844,0.117344567,0.378358655,0.4759053108660321,1.0,0.4532,0.582,0.7798,0.2984,0.1488,0.4144,0.121
691,lav,ukr,52.05,5,25,0.212963577,5090,1228,4.144951140065147,0.31926283,0.378358655,0.0243953050990854,0.6545,0.3505,0.374,0.309,0.3214,0.0481,0.4112,0.0397
692,lav,ind,38.61,24,6,0.221389239,5036,1228,4.100977198697068,0.197096308,0.378358655,0.2295132971615151,1.0,0.5326,0.562,0.813,0.2986,0.5202,0.1031,0.3761
693,lav,dan,47.86,11,19,0.226431367,4947,1228,4.028501628664495,0.203165045,0.378358655,0.2144021704267908,0.8485,0.4266,0.4597,0.3105,0.0636,0.0478,0.5167,0.0395
694,lav,swe,51.54,6,24,0.200026538,4807,1228,3.9144951140065145,0.193727962,0.378358655,0.2381225110737923,0.8485,0.4935,0.567,0.2818,0.6298,0.0261,0.3476,0.0216
695,lav,zho,39.95,23,7,0.17348902,4497,1228,3.662052117263844,0.178585916,0.378358655,0.2787822393266828,1.0,0.5612,0.6388,0.8294,0.2988,1.0,0.2347,0.2523
696,heb,ces,52.64,6,24,0.1262112209999999,114304,491,232.7983706720977,0.091965586,0.263007898,0.4229310162833343,1.0,0.4783,0.5824,0.7932,0.4991,0.1331,0.1267,0.1085
697,heb,rus,52.02,7,23,0.125478381,55398,491,112.82688391038695,0.123916395,0.263007898,0.2796814222468994,1.0,0.4202,0.5608,0.7798,0.4991,0.195,0.1034,0.1569
698,heb,nor,47.54,18,12,0.125559808,34170,491,69.59266802443992,0.106159434,0.263007898,0.3556501198891143,1.0,0.3946,0.4927,0.8025,0.5636,0.1853,0.3032,0.1494
699,heb,spa,57.48,2,28,0.1262112209999999,31546,491,64.24847250509166,0.0791871859999999,0.263007898,0.488485084252819,1.0,0.2669,0.4008,0.4707,0.6656,0.1696,0.3292,0.1372
700,heb,kor,15.96,29,1,0.110495888,30426,491,61.9674134419552,0.294432976,0.263007898,0.014276282984688,1.0,0.6547,0.7191,0.7798,0.6657,0.4099,0.396,0.3097
701,heb,est,40.62,23,7,0.123686996,23460,491,47.78004073319756,0.221928097,0.263007898,0.024396025663193,0.9724,0.4567,0.5687,0.5248,0.3073,0.1644,0.3702,0.1313
702,heb,pol,44.85,21,9,0.115300057,22646,491,46.122199592668025,0.223329008,0.263007898,0.0227604816500298,1.0,0.4794,0.5792,0.8041,0.4991,0.1332,0.2757,0.1085
703,heb,nld,48.77,13,17,0.12360557,19452,491,39.617107942973526,0.133302703,0.263007898,0.2432076107181823,1.0,0.4773,0.5663,0.7959,0.6652,0.1682,0.3137,0.1362
704,heb,por,50.2,11,19,0.125559808,19763,491,40.25050916496945,0.095460698,0.263007898,0.4058231038778275,1.0,0.4095,0.5044,0.7933,0.4991,0.1833,0.1053,0.1479
705,heb,lat,38.91,24,6,0.0,17140,491,34.908350305498985,0.158874645,0.263007898,0.1567621785184206,1.0,0.467,0.5566,0.7831,0.499,0.1167,0.3268,0.0954
706,heb,fra,54.55,3,27,0.120837065,16032,491,32.651731160896134,0.118520741,0.263007898,0.3018011642795696,1.0,0.4163,0.5193,0.0507,0.7311,0.1678,0.3249,0.1358
707,heb,deu,48.42,14,16,0.125071248,14613,491,29.76171079429736,0.187631727,0.263007898,0.0821354353874717,1.0,0.4033,0.4675,0.0159,0.3914,0.1359,0.2262,0.1107
708,heb,hin,22.45,28,2,0.113182966,14963,491,30.474541751527497,0.060393443,0.263007898,0.5934761501752145,1.0,0.5711,0.6203,0.0178,0.0069,0.2074,0.1455,0.1663
709,heb,cat,53.08,4,26,0.125071248,14832,491,30.207739307535643,0.074013319,0.263007898,0.5163701322550666,1.0,0.4156,0.5077,0.789,0.0147,0.1523,0.1299,0.1237
710,heb,ita,57.89,1,29,0.125234101,13685,491,27.87169042769857,0.102554534,0.263007898,0.3721860342840429,1.0,0.3847,0.4985,0.793,0.4992,0.1187,0.293,0.0969
711,heb,eng,47.9,16,14,0.12287273,14545,491,29.623217922606926,0.0961556319999999,0.263007898,0.4024636277850275,1.0,0.4522,0.5473,0.7798,0.6403,0.1887,0.2331,0.1521
712,heb,fin,26.45,27,3,0.123686996,13581,491,27.659877800407333,0.302519355,0.263007898,0.0225688021251871,1.0,0.3448,0.4993,0.7798,0.6655,0.1898,0.3865,0.1529
713,heb,bul,51.17,10,20,0.122221317,10022,491,20.41140529531568,0.201446082,0.263007898,0.0547879769474448,1.0,0.3462,0.4367,0.818,0.4991,0.081,0.0519,0.0665
714,heb,slv,49.42,12,18,0.120592786,9290,491,18.920570264765782,0.237767323,0.263007898,0.0092100270944856,1.0,0.4266,0.5345,0.7939,0.0043,0.1209,0.2251,0.0988
715,heb,slk,46.54,19,11,0.105773146,9543,491,19.435845213849287,0.261917468,0.263007898,1.718929250856428e-05,1.0,0.3861,0.4578,0.6535,0.3264,0.1186,0.2893,0.0969
716,heb,ron,51.39,9,21,0.12336129,8795,491,17.912423625254583,0.167303215,0.263007898,0.1324124427489786,1.0,0.3118,0.39,0.8107,0.0009,0.0967,0.2227,0.0792
717,heb,hrv,47.91,15,15,0.122302744,7832,491,15.95112016293279,0.216688845,0.263007898,0.0310157125131034,1.0,0.4786,0.5324,0.8284,0.4997,0.1111,0.3114,0.0909
718,heb,ara,38.48,25,5,0.08557935,6984,491,14.224032586558044,0.1033986809999999,0.263007898,0.3682801856948557,0.5765,0.4839,0.487,0.4163,0.3413,1.0,0.2234,0.038
719,heb,lav,42.53,22,8,0.119615666,6475,491,13.187372708757636,0.268650981,0.263007898,0.0004603575768132,1.0,0.4532,0.582,0.7798,0.2984,0.1488,0.4144,0.121
720,heb,ukr,52.85,5,25,0.1211627719999999,5090,491,10.366598778004072,0.31926283,0.263007898,0.0457492129902032,1.0,0.3754,0.505,0.8061,0.4991,0.1049,0.0302,0.0859
721,heb,ind,51.74,8,22,0.123686996,5036,491,10.256619144602851,0.197096308,0.263007898,0.062803810717591,1.0,0.4841,0.524,0.9374,0.0052,0.4494,0.3583,0.3343
722,heb,dan,47.8,17,13,0.121569905,4947,491,10.075356415478614,0.203165045,0.263007898,0.0517710531738062,1.0,0.4203,0.5495,0.5503,0.2941,0.1663,0.2501,0.1346
723,heb,swe,45.06,20,10,0.114567218,4807,491,9.790224032586558,0.193727962,0.263007898,0.0693868824268042,1.0,0.4375,0.5598,0.8018,0.7309,0.1723,0.1195,0.1394
724,heb,zho,27.43,26,4,0.1078902369999999,4497,491,9.158859470468432,0.178585916,0.263007898,0.1030323267105339,1.0,0.5496,0.5842,0.0496,0.0072,1.0,0.317,0.275
725,ukr,ces,74.51,2,28,0.184014994,114304,783,145.98212005108556,0.091965586,0.4241917129999999,0.6133992023336821,0.631,0.3888,0.3639,0.0901,0.0133,0.0351,0.1171,0.029
726,ukr,rus,76.65,1,29,0.3575875229999999,55398,783,70.75095785440612,0.123916395,0.4241917129999999,0.5010890487135666,0.2952,0.3665,0.3744,0.309,0.0051,0.1673,0.0882,0.1354
727,ukr,nor,54.79,15,15,0.19566236,34170,783,43.63984674329502,0.106159434,0.4241917129999999,0.5621057694934636,0.8718,0.4493,0.5184,0.0227,0.7041,0.0803,0.2833,0.066
728,ukr,spa,56.29,12,18,0.196063994,31546,783,40.288633461047255,0.0791871859999999,0.4241917129999999,0.6614929617497071,0.9176,0.4136,0.4546,0.4304,0.4991,0.1095,0.3312,0.0896
729,ukr,kor,19.4,29,1,0.166945579,30426,783,38.85823754789272,0.294432976,0.4241917129999999,0.0935726350561955,1.0,0.6453,0.6581,0.309,0.4994,0.3932,0.4144,0.2988
730,ukr,est,51.95,21,9,0.1843496889999999,23460,783,29.961685823754788,0.221928097,0.4241917129999999,0.2273584890915907,0.9766,0.4031,0.4469,0.2939,0.3214,0.0634,0.361,0.0515
731,ukr,pol,61.19,7,23,0.161590468,22646,783,28.92209450830141,0.223329008,0.4241917129999999,0.2242199514568329,0.5903,0.3677,0.4508,0.0125,0.0122,0.0289999999999999,0.2848,0.0239
732,ukr,nld,55.92,13,17,0.190240311,19452,783,24.842911877394634,0.133302703,0.4241917129999999,0.4702515843116476,0.9047,0.4291,0.4943,0.0688,0.4983,0.0721,0.3135,0.0593
733,ukr,por,56.75,11,19,0.195863177,19763,783,25.24010217113665,0.095460698,0.4241917129999999,0.6005608279210032,0.9139,0.406,0.3933,0.0894,0.005,0.1164,0.0863,0.0951
734,ukr,lat,39.22,25,5,0.000334694,17140,783,21.890166028097063,0.158874645,0.4241917129999999,0.3912064610007613,0.8718,0.4174,0.3569,0.2005,0.0071,0.0583,0.3491,0.048
735,ukr,fra,55.78,14,16,0.192181538,16032,783,20.47509578544061,0.118520741,0.4241917129999999,0.5192590042040955,0.9176,0.4809,0.5406,0.8505,0.607,0.0828,0.3275,0.068
736,ukr,deu,57.29,10,20,0.186290916,14613,783,18.662835249042143,0.187631727,0.4241917129999999,0.3109984409115992,0.8831,0.438,0.4979,0.82,0.6073,0.044,0.2197,0.0363
737,ukr,hin,28.47,28,2,0.15784189,14963,783,19.109833971902937,0.060393443,0.4241917129999999,0.7355240863124444,0.8919,0.4814,0.5248,0.8217,0.4995,0.2611,0.1314,0.2066
738,ukr,cat,54.56,16,14,0.180935806,14832,783,18.942528735632184,0.074013319,0.4241917129999999,0.6814819123499208,0.9097,0.4186,0.4335,0.128,0.4982,0.0892,0.109,0.0732
739,ukr,ita,58.4,9,21,0.1948590939999999,13685,783,17.47765006385696,0.102554534,0.4241917129999999,0.5749209426078765,0.9047,0.4257,0.4193,0.0918,0.0062,0.0537,0.2838,0.0442
740,ukr,eng,52.93,19,11,0.186223978,14545,783,18.57598978288633,0.0961556319999999,0.4241917129999999,0.5980243529161687,0.9047,0.4361,0.5219,0.309,0.752,0.0929,0.2306,0.0762
741,ukr,fin,48.5,22,8,0.188165205,13581,783,17.344827586206897,0.302519355,0.4241917129999999,0.0822734084278219,1.0,0.3015,0.3605,0.309,0.499,0.0922,0.3793,0.0756
742,ukr,bul,63.95,5,25,0.2836869939999999,10022,783,12.79948914431673,0.201446082,0.4241917129999999,0.2757363541995284,0.631,0.3607,0.4007,0.0653,0.0118,0.0268,0.0361,0.0222
743,ukr,slv,69.26,3,27,0.186157039,9290,783,11.864623243933588,0.237767323,0.4241917129999999,0.1931439467440139,0.5903,0.3026,0.3558,0.084,0.4992,0.0378,0.226,0.0312
744,ukr,slk,62.95,6,24,0.154896579,9543,783,12.187739463601533,0.261917468,0.4241917129999999,0.1463439707651646,0.5903,0.3971,0.4414,0.1842,0.2096,0.0208,0.2781,0.0172
745,ukr,ron,60.86,8,22,0.18548765,8795,783,11.232439335887612,0.167303215,0.4241917129999999,0.3667456397093312,0.8989,0.4535,0.4816,0.0266,0.4991,0.0099,0.2231,0.0082
746,ukr,hrv,68.6,4,26,0.183479483,7832,783,10.002554278416348,0.216688845,0.4241917129999999,0.239289613146915,0.6614,0.4938,0.5229,0.1157,0.0353,0.0332,0.2961,0.0274
747,ukr,ara,38.22,26,4,0.121694893,6984,783,8.919540229885058,0.1033986809999999,0.4241917129999999,0.5719071061822201,1.0,0.595,0.5806,0.3973,0.2903,1.0,0.2238,0.1139
748,ukr,lav,53.22,18,12,0.186960305,6475,783,8.269476372924649,0.268650981,0.4241917129999999,0.134450962996442,0.6545,0.3505,0.374,0.309,0.3214,0.0481,0.4112,0.0397
749,ukr,heb,40.16,24,6,0.175045184,5725,783,7.31162196679438,0.117344567,0.4241917129999999,0.5232627468550551,1.0,0.3754,0.505,0.8061,0.4991,0.1049,0.0302,0.0859
750,ukr,ind,47.3,23,7,0.18669255,5036,783,6.431673052362708,0.197096308,0.4241917129999999,0.2866106565479296,1.0,0.4714,0.555,0.504,0.4994,0.5131,0.3501,0.3719
751,ukr,dan,53.97,17,13,0.1693553789999999,4947,783,6.318007662835249,0.203165045,0.4241917129999999,0.2714969740851474,0.8831,0.4528,0.4628,0.265,0.3793,0.0637,0.2522,0.0524
752,ukr,swe,51.99,20,10,0.170894973,4807,783,6.139208173690933,0.193727962,0.4241917129999999,0.2951758975387576,0.8831,0.5056,0.5585,0.0272,0.6066,0.0684,0.1012,0.0563
753,ukr,zho,35.49,27,3,0.16326394,4497,783,5.743295019157088,0.178585916,0.4241917129999999,0.335237710953559,1.0,0.4755,0.5773,0.8495,0.4996,1.0,0.3306,0.2677
754,ind,ces,50.41,10,20,0.226825127,114304,557,205.213644524237,0.091965586,0.369609508,0.56427404171007,1.0,0.5544,0.6221,0.5941,0.4993,0.5476,0.4141,0.391
755,ind,rus,49.92,11,19,0.1776740239999999,55398,557,99.45780969479354,0.123916395,0.369609508,0.4418752701068104,1.0,0.5484,0.6043,0.813,0.4993,0.3823,0.2817,0.2915
756,ind,nor,47.41,16,14,0.213667233,34170,557,61.34649910233393,0.106159434,0.369609508,0.5080545912927013,1.0,0.443,0.4894,0.5268,0.5636,0.5622,0.1639,0.3987
757,ind,spa,59.08,3,27,0.23803056,31546,557,56.63554757630162,0.0791871859999999,0.369609508,0.6174100825946756,1.0,0.4443,0.4815,0.4885,0.6657,0.6143,0.5122,0.4247
758,ind,kor,15.94,29,1,0.15483871,30426,557,54.62477558348294,0.294432976,0.369609508,0.0413693126424882,1.0,0.6391,0.6552,0.813,0.6658,0.2665,0.3967,0.2106
759,ind,est,39.89,23,7,0.192020374,23460,557,42.118491921005386,0.221928097,0.369609508,0.1596487038122566,0.9705,0.451,0.4861,0.542,0.3076,0.5264,0.0229,0.3764
760,ind,pol,44.14,18,12,0.161629881,22646,557,40.65709156193896,0.223329008,0.369609508,0.1566342034663329,1.0,0.4631,0.537,0.5165,0.4993,0.5357,0.2074,0.3846
761,ind,nld,47.73,15,15,0.224363328,19452,557,34.922800718132855,0.133302703,0.369609508,0.4087579263578981,1.0,0.4698,0.548,0.5728,0.6655,0.5823,0.1106,0.4091
762,ind,por,55.74,6,24,0.2216468589999999,19763,557,35.48114901256732,0.095460698,0.369609508,0.5501567690206428,1.0,0.4595,0.5353,0.5934,0.4995,0.6254,0.2846,0.4299
763,ind,lat,36.34,26,4,0.008828523,17140,557,30.771992818671453,0.158874645,0.369609508,0.3250771990380238,1.0,0.5879,0.6274,0.7045,0.4993,0.5572,0.4087,0.396
764,ind,fra,60.58,2,28,0.211544992,16032,557,28.782764811490125,0.118520741,0.369609508,0.4614963799826906,1.0,0.4704,0.5896,0.9515,0.7313,0.5959,0.5126,0.4158
765,ind,deu,45.68,17,13,0.217147708,14613,557,26.235188509874327,0.187631727,0.369609508,0.2424099604473817,1.0,0.4973,0.5206,0.9418,0.3914,0.5571,0.4616,0.396
766,ind,hin,18.86,28,2,0.146264856,14963,557,26.86355475763016,0.060393443,0.369609508,0.6999029579577478,1.0,0.5874,0.6174,0.9423,0.0029,0.2521,0.4109,0.1999
767,ind,cat,56.59,5,25,0.200169779,14832,557,26.628366247755835,0.074013319,0.369609508,0.6396043250346541,1.0,0.4778,0.5358,0.632,0.0195,0.5946,0.2697,0.4152
768,ind,ita,61.68,1,29,0.222156197,13685,557,24.569120287253146,0.102554534,0.369609508,0.5220535738788096,1.0,0.5051,0.5713,0.5958,0.4996,0.5564,0.4695,0.3956
769,ind,eng,44.03,19,11,0.210101868,14545,557,26.11310592459605,0.0961556319999999,0.369609508,0.5473711426789165,1.0,0.4059,0.5158,0.813,0.6403,0.6014,0.4747,0.4185
770,ind,fin,39.18,24,6,0.188794567,13581,557,24.38240574506284,0.302519355,0.369609508,0.0329481697813233,1.0,0.4349,0.4854,0.813,0.6657,0.5231,0.0421,0.3776
771,ind,bul,53.34,9,21,0.161544992,10022,557,17.99281867145422,0.201446082,0.369609508,0.2070030879200596,1.0,0.4489,0.463,0.4387,0.4993,0.5066,0.3709,0.3682
772,ind,slv,48.08,14,16,0.191171477,9290,557,16.678635547576302,0.237767323,0.369609508,0.1272396642518702,1.0,0.4642,0.5658,0.588,0.0035,0.5483,0.4786,0.3914
773,ind,slk,42.59,21,9,0.144651952,9543,557,17.132854578096946,0.261917468,0.369609508,0.0848947704419636,1.0,0.4118,0.4239,0.4585,0.3266,0.5339,0.4601,0.3835
774,ind,ron,56.88,4,26,0.194651952,8795,557,15.789946140035909,0.167303215,0.369609508,0.2995935886771252,1.0,0.4493,0.4367,0.4774,0.0055,0.5123,0.4765,0.3714
775,ind,hrv,48.66,12,18,0.1966044139999999,7832,557,14.06104129263914,0.216688845,0.369609508,0.1711772618740684,1.0,0.4176,0.4447,0.3883,0.4997,0.5402,0.1026,0.3869
776,ind,ara,37.95,25,5,0.111120543,6984,557,12.538599640933572,0.1033986809999999,0.369609508,0.518758421180295,1.0,0.5907,0.6268,0.6158,0.3412,1.0,0.477,0.3053
777,ind,lav,40.31,22,8,0.165195246,6475,557,11.624775583482943,0.268650981,0.369609508,0.0746104641434414,1.0,0.5326,0.562,0.813,0.2986,0.5202,0.1031,0.3761
778,ind,heb,54.19,8,22,0.1557724959999999,5725,557,10.278276481149012,0.117344567,0.369609508,0.4658300773252713,1.0,0.4841,0.524,0.9374,0.0052,0.4494,0.3583,0.3343
779,ind,ukr,54.67,7,23,0.162988115,5090,557,9.138240574506284,0.31926283,0.369609508,0.0185547612552752,1.0,0.4714,0.555,0.504,0.4994,0.5131,0.3501,0.3719
780,ind,dan,48.4,13,17,0.1781833619999999,4947,557,8.881508078994614,0.203165045,0.369609508,0.202792755022595,1.0,0.4575,0.5608,0.6451,0.2945,0.5664,0.4903,0.4009
781,ind,swe,42.85,20,10,0.165874363,4807,557,8.63016157989228,0.193727962,0.369609508,0.2264405908824074,1.0,0.445,0.5544,0.5313,0.7311,0.5417,0.2724,0.3878
782,ind,zho,25.26,27,3,0.152801358,4497,557,8.073608617594255,0.178585916,0.369609508,0.2671085225660292,1.0,0.5607,0.6154,0.9512,0.0039,1.0,0.2525,0.2096
783,dan,ces,62.62,11,19,0.241444677,114304,565,202.30796460176992,0.091965586,0.341614287,0.534055719237636,0.8934,0.5339,0.5291,0.2431,0.3798,0.0339,0.1557,0.028
784,dan,rus,64.34,6,24,0.15693904,55398,565,98.04955752212388,0.123916395,0.341614287,0.4061031858492719,0.8691,0.5295,0.54,0.3105,0.3794,0.1969,0.3214,0.1584
785,dan,nor,71.13,1,29,0.685722837,34170,565,60.47787610619469,0.106159434,0.341614287,0.4750542868005558,0.4788,0.234,0.3871,0.2569,0.488,0.0286,0.4189,0.0236
786,dan,spa,65.06,5,25,0.229771525,31546,565,55.83362831858407,0.0791871859999999,0.341614287,0.5901267682937043,0.9248,0.453,0.5007,0.3023,0.4952,0.089,0.0978,0.073
787,dan,kor,18.24,29,1,0.14736107,30426,565,53.85132743362832,0.294432976,0.341614287,0.0190751498113245,1.0,0.6506,0.6692,0.3105,0.562,0.41,0.4046,0.3098
788,dan,est,55.87,21,9,0.184874788,23460,565,41.52212389380531,0.221928097,0.341614287,0.1227484547072248,0.9744,0.3582,0.4612,0.1372,0.0628,0.048,0.4928,0.0434
789,dan,pol,56.29,20,10,0.177890851,22646,565,40.08141592920354,0.223329008,0.341614287,0.1198917629216681,0.8831,0.4962,0.5666,0.2604,0.3797,0.035,0.4445,0.0289
790,dan,nld,62.03,12,18,0.2924274169999999,19452,565,34.428318584070794,0.133302703,0.341614287,0.3718388743584134,0.7323,0.3209,0.4357,0.2457,0.561,0.0215,0.4756,0.0178
791,dan,por,63.25,9,21,0.220093784,19763,565,34.978761061946905,0.095460698,0.341614287,0.5192067066785261,0.9214,0.3699,0.3963,0.2432,0.3792,0.0867,0.3164,0.0711
792,dan,lat,39.88,25,5,0.045994213,17140,565,30.336283185840703,0.158874645,0.341614287,0.2861498275970942,0.8831,0.5163,0.5164,0.2579,0.3795,0.0729,0.3567,0.0599
793,dan,fra,63.41,8,22,0.225880475,16032,565,28.375221238938053,0.118520741,0.341614287,0.4264832333379906,0.9248,0.3461,0.439,0.5976,0.5792,0.0458,0.093,0.0377
794,dan,deu,65.72,4,26,0.244138481,14613,565,25.863716814159293,0.187631727,0.341614287,0.2031753517403598,0.6667,0.3728,0.4457,0.5651,0.439,0.0361,0.0776,0.0298
795,dan,hin,29.58,28,2,0.122418438,14963,565,26.483185840707964,0.060393443,0.341614287,0.6776773394149577,0.9014,0.4978,0.5141,0.5669,0.2947,0.3169,0.1593,0.2469
796,dan,cat,60.62,17,13,0.2361568389999999,14832,565,26.25132743362832,0.074013319,0.341614287,0.613625373180436,0.9176,0.3179,0.3418,0.243,0.2933,0.0753,0.3276,0.0619
797,dan,ita,63.07,10,20,0.227377033,13685,565,24.22123893805309,0.102554534,0.341614287,0.4897121530969119,0.9131,0.4502,0.4648,0.243,0.3792,0.0667,0.1167,0.0549
798,dan,eng,68.46,3,27,0.2569091089999999,14545,565,25.74336283185841,0.0961556319999999,0.341614287,0.5162792249029591,0.7323,0.2681,0.4433,0.3105,0.4436,0.0354,0.0447,0.0292
799,dan,fin,47.53,23,7,0.19275666,13581,565,24.03716814159292,0.302519355,0.341614287,0.0130969109074163,1.0,0.4472,0.5208,0.3105,0.5616,0.0708,0.5031,0.0582
800,dan,bul,63.46,7,23,0.15115235,10022,565,17.738053097345134,0.201446082,0.341614287,0.1683553696397254,0.8934,0.4598,0.4967,0.2966,0.3797,0.0853,0.223,0.07
801,dan,slv,57.66,18,12,0.191858725,9290,565,16.442477876106196,0.237767323,0.341614287,0.0924092738733069,0.8831,0.4235,0.4474,0.2437,0.2943,0.0515,0.0314,0.0424
802,dan,slk,57.07,19,11,0.172603013,9543,565,16.890265486725664,0.261917468,0.341614287,0.0544264394459342,0.8831,0.4023,0.4606,0.1877,0.1817,0.0477,0.1313,0.0393
803,dan,ron,61.44,13,17,0.203531877,8795,565,15.56637168141593,0.167303215,0.341614287,0.2603621784408332,0.9078,0.3999,0.449,0.2766,0.2941,0.0702,0.036,0.0577
804,dan,hrv,60.7,16,14,0.2030330239999999,7832,565,13.861946902654868,0.216688845,0.341614287,0.1337302752394328,0.9014,0.4558,0.5078,0.3274,0.3815,0.0599,0.448,0.0493
805,dan,ara,36.08,27,3,0.098772823,6984,565,12.361061946902655,0.1033986809999999,0.341614287,0.4862598013061325,1.0,0.5544,0.6235,0.1809,0.1188,1.0,0.0348,0.1635
806,dan,lav,61.09,15,15,0.168512421,6475,565,11.460176991150442,0.268650981,0.341614287,0.0456180751952285,0.8485,0.4266,0.4597,0.3105,0.0636,0.0478,0.5167,0.0395
807,dan,heb,38.16,26,4,0.1495560209999999,5725,565,10.132743362831858,0.117344567,0.341614287,0.4309920216356016,1.0,0.4203,0.5495,0.5503,0.2941,0.1663,0.2501,0.1346
808,dan,ukr,61.44,13,17,0.151351891,5090,565,9.008849557522124,0.31926283,0.341614287,0.0042809447770892,0.8831,0.4528,0.4628,0.265,0.3793,0.0637,0.2522,0.0524
809,dan,ind,51.11,22,8,0.178988327,5036,565,8.913274336283186,0.197096308,0.341614287,0.1789664849291753,1.0,0.4575,0.5608,0.6451,0.2945,0.5664,0.4903,0.4009
810,dan,swe,69.14,2,28,0.370647511,4807,565,8.507964601769912,0.193727962,0.341614287,0.1874062120749537,0.3729,0.2462,0.3766,0.2554,0.6382,0.0364,0.3272,0.0301
811,dan,zho,41.79,24,6,0.130599621,4497,565,7.95929203539823,0.178585916,0.341614287,0.2277478716799781,1.0,0.5734,0.6164,0.5965,0.2948,1.0,0.4505,0.2832
812,swe,ces,65.49,8,22,0.178142023,114304,1219,93.76866283839212,0.091965586,0.251607204,0.4025743480753002,0.8934,0.5542,0.5902,0.0629,0.6068,0.0556,0.1949,0.0459
813,swe,rus,63.94,12,18,0.109338961,55398,1219,45.44544708777686,0.123916395,0.251607204,0.2575568670914048,0.8691,0.551,0.5956,0.2818,0.6067,0.1651,0.0206,0.1338
814,swe,nor,79.52,1,29,0.450458851,34170,1219,28.03117309269893,0.106159434,0.251607204,0.3341704094629309,0.4788,0.2634,0.3944,0.0045,0.6539,0.0206,0.2034,0.017
815,swe,spa,66.28,6,24,0.164057516,31546,1219,25.878589007383106,0.0791871859999999,0.251607204,0.4696012334016684,0.9248,0.4612,0.5221,0.4415,0.7309,0.1252,0.3946,0.1022
816,swe,kor,19.26,29,1,0.104922216,30426,1219,24.95980311730927,0.294432976,0.251607204,0.028971051475662,1.0,0.6011,0.6311,0.2818,0.3913,0.374,0.4318,0.2862
817,swe,est,58.43,20,10,0.123374393,23460,1219,19.245283018867923,0.221928097,0.251607204,0.0139141126709921,0.9744,0.3947,0.5046,0.2977,0.6292,0.0153,0.284,0.0172
818,swe,pol,56.91,21,9,0.128870786,22646,1219,18.57752255947498,0.223329008,0.251607204,0.0126315677953413,0.8831,0.5123,0.6031,0.0148,0.6068,0.0444,0.2435,0.0366
819,swe,nld,68.49,4,26,0.1929135789999999,19452,1219,15.957342083675144,0.133302703,0.251607204,0.2210835313123367,0.7323,0.3184,0.3382,0.0416,0.391,0.0578,0.246,0.0477
820,swe,por,63.55,13,17,0.1566472,19763,1219,16.212469237079574,0.095460698,0.251607204,0.3851397978836476,0.9214,0.4016,0.4668,0.0622,0.6065,0.1231,0.0153,0.1005
821,swe,lat,45.74,24,6,0.01967905,17140,1219,14.060705496308447,0.158874645,0.251607204,0.135837082655773,0.8831,0.5679,0.6007,0.1733,0.6067,0.1009,0.3809,0.0826
822,swe,fra,66.19,7,23,0.153751779,16032,1219,13.151763740771123,0.118520741,0.251607204,0.2797831934519151,0.9248,0.3376,0.4404,0.8472,0.5346,0.0823,0.3923,0.0676
823,swe,deu,66.63,5,25,0.154831428,14613,1219,11.987694831829367,0.187631727,0.251607204,0.0646518448491033,0.6667,0.3788,0.4483,0.816,0.5347,0.0639,0.2861,0.0527
824,swe,hin,32.35,27,3,0.101732345,14963,1219,12.27481542247744,0.060393443,0.251607204,0.577553399170976,0.9014,0.5189,0.6008,0.8177,0.7312,0.2968,0.198,0.2326
825,swe,cat,62.87,15,15,0.176915149,14832,1219,12.167350287120591,0.074013319,0.251607204,0.498207054132738,0.9176,0.3584,0.4363,0.1008,0.7304,0.1104,0.0171,0.0904
826,swe,ita,64.73,10,20,0.155420327,13685,1219,11.226415094339623,0.102554534,0.251607204,0.3509404080720749,0.9131,0.4748,0.5251,0.0645,0.6065,0.0945,0.3339,0.0774
827,swe,eng,72.94,2,28,0.148255386,14545,1219,11.931911402789172,0.0961556319999999,0.251607204,0.3817192774656391,0.7323,0.3198,0.4906,0.2818,0.8587,0.0676,0.3023,0.0557
828,swe,fin,50.48,22,8,0.124846641,13581,1219,11.14109926168991,0.302519355,0.251607204,0.0409446109437805,1.0,0.4742,0.5262,0.2818,0.3911,0.0347,0.3063,0.0286
829,swe,bul,63.28,14,16,0.104774991,10022,1219,8.22149302707137,0.201446082,0.251607204,0.0397455344392908,0.8934,0.4614,0.5143,0.0926,0.6068,0.0949,0.1276,0.0778
830,swe,slv,61.44,17,13,0.129655985,9290,1219,7.621000820344545,0.237767323,0.251607204,0.0030256491648862,0.8831,0.4882,0.5722,0.0567,0.731,0.0757,0.3029,0.0623
831,swe,slk,58.66,19,11,0.120429896,9543,1219,7.828547990155865,0.261917468,0.251607204,0.0016791652122757,0.8831,0.3951,0.4849,0.1963,0.6033,0.0627,0.3243,0.0516
832,swe,ron,65.21,9,21,0.140207096,8795,1219,7.2149302707137,0.167303215,0.251607204,0.1122664799586025,0.9078,0.409,0.4776,0.0539,0.7309,0.0778,0.2996,0.0639
833,swe,hrv,64.56,11,19,0.143446042,7832,1219,6.424938474159147,0.216688845,0.251607204,0.0192602317330665,0.9014,0.4537,0.5139,0.1429,0.6077,0.0811,0.2102,0.0667
834,swe,ara,32.29,28,2,0.0773911759999999,6984,1219,5.729286300246104,0.1033986809999999,0.251607204,0.3469766224818933,1.0,0.5647,0.6493,0.3979,0.6404,1.0,0.3005,0.1632
835,swe,lav,60.49,18,12,0.115816852,6475,1219,5.311730926989336,0.268650981,0.251607204,0.0045886564471593,0.8485,0.4935,0.567,0.2818,0.6298,0.0261,0.3476,0.0216
836,swe,heb,36.78,26,4,0.10227217,5725,1219,4.696472518457752,0.117344567,0.251607204,0.2847503077998001,1.0,0.4375,0.5598,0.8018,0.7309,0.1723,0.1195,0.1394
837,swe,ukr,62.84,16,14,0.103253668,5090,1219,4.175553732567678,0.31926283,0.251607204,0.0723038945070191,0.8831,0.5056,0.5585,0.0272,0.6066,0.0684,0.1012,0.0563
838,swe,ind,50.13,23,7,0.126269814,5036,1219,4.131255127153405,0.197096308,0.251607204,0.046937558752096,1.0,0.445,0.5544,0.5313,0.7311,0.5417,0.2724,0.3878
839,swe,dan,70.97,3,27,0.362860087,4947,1219,4.058244462674323,0.203165045,0.251607204,0.0370681437319328,0.3729,0.2462,0.3766,0.2554,0.6382,0.0364,0.3272,0.0301
840,swe,zho,45.32,25,5,0.10178142,4497,1219,3.6890894175553735,0.178585916,0.251607204,0.0842272914148995,1.0,0.589,0.6299,0.8462,0.7312,1.0,0.3068,0.2593
841,zho,ces,13.14,10,20,0.145937396,114304,500,228.608,0.091965586,0.3375790879999999,0.5293627815779175,1.0,0.5823,0.6673,0.8396,0.4994,1.0,0.4057,0.2837
842,zho,rus,11.88,16,14,0.143939394,55398,500,110.796,0.123916395,0.3375790879999999,0.400595738260119,1.0,0.541,0.6449,0.8294,0.4995,1.0,0.2986,0.1449
843,zho,nor,21.85,1,29,0.143273393,34170,500,68.34,0.106159434,0.3375790879999999,0.4699475704706116,1.0,0.5075,0.5649,0.8467,0.5637,1.0,0.3556,0.2709
844,zho,spa,13.07,11,19,0.149017649,31546,500,63.092,0.0791871859999999,0.3375790879999999,0.5858773740903327,1.0,0.5313,0.5939,0.4977,0.6658,1.0,0.4762,0.3363
845,zho,kor,8.02,26,4,0.1474358969999999,30426,500,60.852,0.294432976,0.3375790879999999,0.0163354936012278,1.0,0.5145,0.5975,0.8294,0.6659,1.0,0.2132,0.0436
846,zho,est,17.17,3,27,0.139277389,23460,500,46.92,0.221928097,0.3375790879999999,0.1173674437934058,0.9791,0.6074,0.6647,0.5643,0.3077,1.0,0.2687,0.2471
847,zho,pol,10.3,21,9,0.123459873,22646,500,45.292,0.223329008,0.3375790879999999,0.1145412595634031,1.0,0.5026,0.6237,0.848,0.4994,1.0,0.0834,0.2726
848,zho,nld,11.62,17,13,0.143106893,19452,500,38.904,0.133302703,0.3375790879999999,0.3661721046930108,1.0,0.5785,0.6247,0.8417,0.6656,1.0,0.16,0.2974
849,zho,por,11.28,18,12,0.145854146,19763,500,39.526,0.095460698,0.3375790879999999,0.5144041736118398,1.0,0.5265,0.5928,0.8397,0.4998,1.0,0.3099,0.3376
850,zho,lat,8.58,25,5,0.0001665,17140,500,34.28,0.158874645,0.3375790879999999,0.2802332278727118,1.0,0.5159,0.6001,0.8319,0.4995,1.0,0.2037,0.3066
851,zho,fra,9.28,22,8,0.146853147,16032,500,32.064,0.118520741,0.3375790879999999,0.4210838075181676,1.0,0.6925,0.7156,0.0011,0.7314,1.0,0.4726,0.3122
852,zho,deu,13.9,7,23,0.146853147,14613,500,29.226,0.187631727,0.3375790879999999,0.1972997715827321,1.0,0.4803,0.4989,0.0337,0.3914,1.0,0.4593,0.2915
853,zho,hin,8.87,23,7,0.125124875,14963,500,29.926,0.060393443,0.3375790879999999,0.674202562876847,1.0,0.5322,0.5846,0.0318,0.0029,1.0,0.4187,0.1605
854,zho,cat,10.98,19,11,0.13977689,14832,500,29.664,0.074013319,0.3375790879999999,0.6095747072326986,1.0,0.5589,0.5905,0.8364,0.0219,1.0,0.3171,0.3246
855,zho,ita,10.7,20,10,0.142773893,13685,500,27.37,0.102554534,0.3375790879999999,0.4847026602177879,1.0,0.5259,0.599,0.8395,0.4998,1.0,0.4935,0.3036
856,zho,eng,12.7,12,18,0.138444888,14545,500,29.09,0.0961556319999999,0.3375790879999999,0.5114555010179545,1.0,0.5438,0.6289,0.8294,0.6405,1.0,0.4554,0.3047
857,zho,fin,13.91,6,24,0.1416916419999999,13581,500,27.162,0.302519355,0.3375790879999999,0.0107861421023032,1.0,0.5554,0.6374,0.8294,0.6658,1.0,0.2564,0.2377
858,zho,bul,12.3,15,15,0.134032634,10022,500,20.044,0.201446082,0.3375790879999999,0.1626206893606704,1.0,0.4285,0.5135,0.8586,0.4994,1.0,0.355,0.2756
859,zho,slv,13.42,9,21,0.133366633,9290,500,18.58,0.237767323,0.3375790879999999,0.0874203215731694,1.0,0.5141,0.597,0.8402,0.0067,1.0,0.4437,0.2921
860,zho,slk,13.8,8,22,0.12037962,9543,500,19.086,0.261917468,0.3375790879999999,0.0502342821381796,1.0,0.446,0.5308,0.6922,0.3266,1.0,0.4939,0.279
861,zho,ron,8.65,24,6,0.141441891,8795,500,17.59,0.167303215,0.3375790879999999,0.2544222916050628,1.0,0.5113,0.5374,0.853,0.007,1.0,0.4442,0.2715
862,zho,hrv,12.68,13,17,0.133449883,7832,500,15.664,0.216688845,0.3375790879999999,0.1282423388544543,1.0,0.5234,0.5773,0.8666,0.4997,1.0,0.3076,0.2901
863,zho,ara,1.84,29,1,0.082584083,6984,500,13.968,0.1033986809999999,0.3375790879999999,0.4812270616818761,1.0,0.7291,0.7778,0.4562,0.3413,1.0,0.4441,0.2567
864,zho,lav,15.79,5,25,0.129370629,6475,500,12.95,0.268650981,0.3375790879999999,0.041690934679151,1.0,0.5612,0.6388,0.8294,0.2988,1.0,0.2347,0.2523
865,zho,heb,4.59,28,2,0.13028638,5725,500,11.45,0.117344567,0.3375790879999999,0.4256177359050746,1.0,0.5496,0.5842,0.0496,0.0072,1.0,0.317,0.275
866,zho,ukr,12.44,14,16,0.133116883,5090,500,10.18,0.31926283,0.3375790879999999,0.0029438957967449,1.0,0.4755,0.5773,0.8495,0.4996,1.0,0.3306,0.2677
867,zho,ind,4.98,27,3,0.144105894,5036,500,10.072,0.197096308,0.3375790879999999,0.1731789549625767,1.0,0.5607,0.6154,0.9512,0.0039,1.0,0.2525,0.2096
868,zho,dan,16.06,4,26,0.13036963,4947,500,9.894,0.203165045,0.3375790879999999,0.1585397676912308,1.0,0.5734,0.6164,0.5965,0.2948,1.0,0.4505,0.2832
869,zho,swe,18.38,2,28,0.131202131,4807,500,9.614,0.193727962,0.3375790879999999,0.1815831142722718,1.0,0.589,0.6299,0.8462,0.7312,1.0,0.3068,0.2593
